tacz:modern_kinetic_gun	4	1	1	{GunId:"apdf:mdx2",GunFireMode:"AUTO",GunCurrentAmmoCount:8,HasBulletInBarrel:1b}
tacz:modern_kinetic_gun	4	1	1	{GunId:"apdf:mdx2s",GunFireMode:"SEMI",GunCurrentAmmoCount:8,HasBulletInBarrel:1b}
tacz:modern_kinetic_gun	4	1	1	{GunId:"apdf:mdx4",GunFireMode:"AUTO",GunCurrentAmmoCount:8,HasBulletInBarrel:1b}
tacz:modern_kinetic_gun	4	1	1	{GunId:"apdf:mdx5",GunFireMode:"AUTO",GunCurrentAmmoCount:8,HasBulletInBarrel:1b}
tacz:modern_kinetic_gun	4	1	1	{GunId:"apdf:mdxu",GunFireMode:"AUTO",GunCurrentAmmoCount:8,HasBulletInBarrel:1b}
tacz:modern_kinetic_gun	4	1	1	{GunId:"apdf:skw8",GunFireMode:"SEMI",GunCurrentAmmoCount:8,HasBulletInBarrel:1b}
tacz:attachment	1	1	1	{AttachmentId:"arip:aa12ex"}
tacz:attachment	1	1	1	{AttachmentId:"arip:arrogance"}
tacz:attachment	1	1	1	{AttachmentId:"arip:calibration"}
tacz:attachment	1	1	1	{AttachmentId:"arip:coercion"}
tacz:attachment	1	1	1	{AttachmentId:"arip:open"}
tacz:attachment	1	1	1	{AttachmentId:"arip:openz"}
tacz:attachment	1	1	1	{AttachmentId:"arip:rvzex"}
tacz:attachment	1	1	1	{AttachmentId:"arip:smgdrum"}
tacz:attachment	1	1	1	{AttachmentId:"arip:stubborn"}
tacz:attachment	1	1	1	{AttachmentId:"arip:tranquility"}
tacz:attachment	1	1	1	{AttachmentId:"asos:4x32"}
tacz:attachment	1	1	1	{AttachmentId:"asos:552"}
tacz:attachment	1	1	1	{AttachmentId:"asos:79"}
tacz:attachment	1	1	1	{AttachmentId:"asos:8x42"}
tacz:attachment	1	1	1	{AttachmentId:"asos:acog"}
tacz:attachment	1	1	1	{AttachmentId:"asos:aimpoint"}
tacz:attachment	1	1	1	{AttachmentId:"asos:ak12"}
tacz:attachment	1	1	1	{AttachmentId:"asos:ak47"}
tacz:attachment	1	1	1	{AttachmentId:"asos:ak74"}
tacz:attachment	1	1	1	{AttachmentId:"asos:akm"}
tacz:attachment	1	1	1	{AttachmentId:"asos:aks74u"}
tacz:attachment	1	1	1	{AttachmentId:"asos:aug"}
tacz:attachment	1	1	1	{AttachmentId:"asos:beowulf"}
tacz:attachment	1	1	1	{AttachmentId:"asos:bravo4"}
tacz:attachment	1	1	1	{AttachmentId:"asos:c79"}
tacz:attachment	1	1	1	{AttachmentId:"asos:canted"}
tacz:attachment	1	1	1	{AttachmentId:"asos:compm4"}
tacz:attachment	1	1	1	{AttachmentId:"asos:dd"}
tacz:attachment	1	1	1	{AttachmentId:"asos:dot"}
tacz:attachment	1	1	1	{AttachmentId:"asos:eotech"}
tacz:attachment	1	1	1	{AttachmentId:"asos:exps3"}
tacz:attachment	1	1	1	{AttachmentId:"asos:hamr"}
tacz:attachment	1	1	1	{AttachmentId:"asos:holo"}
tacz:attachment	1	1	1	{AttachmentId:"asos:irons"}
tacz:attachment	1	1	1	{AttachmentId:"asos:kobra"}
tacz:attachment	1	1	1	{AttachmentId:"asos:m145"}
tacz:attachment	1	1	1	{AttachmentId:"asos:m21"}
tacz:attachment	1	1	1	{AttachmentId:"asos:m68"}
tacz:attachment	1	1	1	{AttachmentId:"asos:micro"}
tacz:attachment	1	1	1	{AttachmentId:"asos:pkas"}
tacz:attachment	1	1	1	{AttachmentId:"asos:ps01"}
tacz:attachment	1	1	1	{AttachmentId:"asos:razor"}
tacz:attachment	1	1	1	{AttachmentId:"atea:ak_stock_adapter"}
tacz:attachment	1	1	1	{AttachmentId:"atea:ak_stock_arsenal"}
tacz:attachment	1	1	1	{AttachmentId:"atea:ak_stock_b5"}
tacz:attachment	1	1	1	{AttachmentId:"atea:ak_stock_gp25"}
tacz:attachment	1	1	1	{AttachmentId:"atea:ak_stock_magpul"}
tacz:attachment	1	1	1	{AttachmentId:"atea:ak_stock_pt1"}
tacz:attachment	1	1	1	{AttachmentId:"atea:ak_stock_pt3"}
tacz:attachment	1	1	1	{AttachmentId:"atea:ak_stock_triangle"}
tacz:attachment	1	1	1	{AttachmentId:"atea:ak_stock_zhukov"}
tacz:attachment	1	1	1	{AttachmentId:"atea:angled"}
tacz:attachment	1	1	1	{AttachmentId:"atea:angled2"}
tacz:attachment	1	1	1	{AttachmentId:"atea:angled3"}
tacz:attachment	1	1	1	{AttachmentId:"atea:angled4"}
tacz:attachment	1	1	1	{AttachmentId:"atea:angled5"}
tacz:attachment	1	1	1	{AttachmentId:"atea:bipod"}
tacz:attachment	1	1	1	{AttachmentId:"atea:bipod2"}
tacz:attachment	1	1	1	{AttachmentId:"atea:bipod3"}
tacz:attachment	1	1	1	{AttachmentId:"atea:brake1"}
tacz:attachment	1	1	1	{AttachmentId:"atea:brake2"}
tacz:attachment	1	1	1	{AttachmentId:"atea:brake3"}
tacz:attachment	1	1	1	{AttachmentId:"atea:brake4"}
tacz:attachment	1	1	1	{AttachmentId:"atea:brake5"}
tacz:attachment	1	1	1	{AttachmentId:"atea:brake6"}
tacz:attachment	1	1	1	{AttachmentId:"atea:brake7"}
tacz:attachment	1	1	1	{AttachmentId:"atea:brake8"}
tacz:attachment	1	1	1	{AttachmentId:"atea:brake9"}
tacz:attachment	1	1	1	{AttachmentId:"atea:comp1"}
tacz:attachment	1	1	1	{AttachmentId:"atea:comp2"}
tacz:attachment	1	1	1	{AttachmentId:"atea:comp3"}
tacz:attachment	1	1	1	{AttachmentId:"atea:comp4"}
tacz:attachment	1	1	1	{AttachmentId:"atea:comp5"}
tacz:attachment	1	1	1	{AttachmentId:"atea:comp6"}
tacz:attachment	1	1	1	{AttachmentId:"atea:comp7"}
tacz:attachment	1	1	1	{AttachmentId:"atea:comp8"}
tacz:attachment	1	1	1	{AttachmentId:"atea:comp9"}
tacz:attachment	1	1	1	{AttachmentId:"atea:grip1"}
tacz:attachment	1	1	1	{AttachmentId:"atea:grip2"}
tacz:attachment	1	1	1	{AttachmentId:"atea:grip3"}
tacz:attachment	1	1	1	{AttachmentId:"atea:grip4"}
tacz:attachment	1	1	1	{AttachmentId:"atea:grip5"}
tacz:attachment	1	1	1	{AttachmentId:"atea:grip6"}
tacz:attachment	1	1	1	{AttachmentId:"atea:grip7"}
tacz:attachment	1	1	1	{AttachmentId:"atea:grip8"}
tacz:attachment	1	1	1	{AttachmentId:"atea:grip9"}
tacz:attachment	1	1	1	{AttachmentId:"atea:laser1"}
tacz:attachment	1	1	1	{AttachmentId:"atea:laser2"}
tacz:attachment	1	1	1	{AttachmentId:"atea:laser3"}
tacz:attachment	1	1	1	{AttachmentId:"atea:laser4"}
tacz:attachment	1	1	1	{AttachmentId:"atea:laser5"}
tacz:attachment	1	1	1	{AttachmentId:"atea:laser6"}
tacz:attachment	1	1	1	{AttachmentId:"atea:laser7"}
tacz:attachment	1	1	1	{AttachmentId:"atea:laser8"}
tacz:attachment	1	1	1	{AttachmentId:"atea:laser9"}
tacz:attachment	1	1	1	{AttachmentId:"atea:muzzle1"}
tacz:attachment	1	1	1	{AttachmentId:"atea:muzzle2"}
tacz:attachment	1	1	1	{AttachmentId:"atea:muzzle3"}
tacz:attachment	1	1	1	{AttachmentId:"atea:muzzle4"}
tacz:attachment	1	1	1	{AttachmentId:"atea:muzzle5"}
tacz:attachment	1	1	1	{AttachmentId:"atea:muzzle6"}
tacz:attachment	1	1	1	{AttachmentId:"atea:muzzle7"}
tacz:attachment	1	1	1	{AttachmentId:"atea:muzzle8"}
tacz:attachment	1	1	1	{AttachmentId:"atea:muzzle9"}
tacz:attachment	1	1	1	{AttachmentId:"atea:stock1"}
tacz:attachment	1	1	1	{AttachmentId:"atea:stock2"}
tacz:attachment	1	1	1	{AttachmentId:"atea:stock3"}
tacz:attachment	1	1	1	{AttachmentId:"atea:stock4"}
tacz:attachment	1	1	1	{AttachmentId:"atea:stock5"}
tacz:attachment	1	1	1	{AttachmentId:"atea:stock6"}
tacz:attachment	1	1	1	{AttachmentId:"atea:stock7"}
tacz:attachment	1	1	1	{AttachmentId:"atea:stock8"}
tacz:attachment	1	1	1	{AttachmentId:"atea:stock9"}
tacz:modern_kinetic_gun	8	1	1	{GunId:"maxstuff:1851_navy",GunFireMode:"SEMI",GunCurrentAmmoCount:8,HasBulletInBarrel:1b}
tacz:modern_kinetic_gun	4	1	1	{GunId:"maxstuff:aa50beowulf",GunFireMode:"SEMI",GunCurrentAmmoCount:8,HasBulletInBarrel:1b}
tacz:modern_kinetic_gun	4	1	1	{GunId:"maxstuff:adar2",GunFireMode:"SEMI",GunCurrentAmmoCount:8,HasBulletInBarrel:1b}
tacz:modern_kinetic_gun	4	1	1	{GunId:"maxstuff:ak105",GunFireMode:"AUTO",GunCurrentAmmoCount:8,HasBulletInBarrel:1b}
tacz:modern_kinetic_gun	4	1	1	{GunId:"maxstuff:ak12",GunFireMode:"AUTO",GunCurrentAmmoCount:8,HasBulletInBarrel:1b}
tacz:modern_kinetic_gun	4	1	1	{GunId:"maxstuff:ak15",GunFireMode:"AUTO",GunCurrentAmmoCount:8,HasBulletInBarrel:1b}
tacz:modern_kinetic_gun	4	1	1	{GunId:"maxstuff:ak19",GunFireMode:"AUTO",GunCurrentAmmoCount:8,HasBulletInBarrel:1b}
tacz:modern_kinetic_gun	4	1	1	{GunId:"maxstuff:ak74",GunFireMode:"AUTO",GunCurrentAmmoCount:8,HasBulletInBarrel:1b}
tacz:modern_kinetic_gun	4	1	1	{GunId:"maxstuff:ak74m",GunFireMode:"AUTO",GunCurrentAmmoCount:8,HasBulletInBarrel:1b}
tacz:modern_kinetic_gun	4	1	1	{GunId:"maxstuff:akm",GunFireMode:"AUTO",GunCurrentAmmoCount:8,HasBulletInBarrel:1b}
tacz:modern_kinetic_gun	4	1	1	{GunId:"maxstuff:aks74u",GunFireMode:"AUTO",GunCurrentAmmoCount:8,HasBulletInBarrel:1b}
tacz:modern_kinetic_gun	4	1	1	{GunId:"maxstuff:akx",GunFireMode:"AUTO",GunCurrentAmmoCount:8,HasBulletInBarrel:1b}
tacz:modern_kinetic_gun	4	1	1	{GunId:"maxstuff:an94",GunFireMode:"BURST",GunCurrentAmmoCount:8,HasBulletInBarrel:1b}
tacz:modern_kinetic_gun	4	1	1	{GunId:"maxstuff:ar15",GunFireMode:"SEMI",GunCurrentAmmoCount:8,HasBulletInBarrel:1b}
tacz:modern_kinetic_gun	4	1	1	{GunId:"maxstuff:ash12",GunFireMode:"AUTO",GunCurrentAmmoCount:8,HasBulletInBarrel:1b}
tacz:modern_kinetic_gun	8	1	1	{GunId:"maxstuff:automag3",GunFireMode:"SEMI",GunCurrentAmmoCount:8,HasBulletInBarrel:1b}
tacz:modern_kinetic_gun	8	1	1	{GunId:"maxstuff:automag44",GunFireMode:"SEMI",GunCurrentAmmoCount:8,HasBulletInBarrel:1b}
tacz:modern_kinetic_gun	8	1	1	{GunId:"maxstuff:automag5",GunFireMode:"SEMI",GunCurrentAmmoCount:8,HasBulletInBarrel:1b}
tacz:modern_kinetic_gun	8	1	1	{GunId:"maxstuff:automag6",GunFireMode:"SEMI",GunCurrentAmmoCount:8,HasBulletInBarrel:1b}
tacz:modern_kinetic_gun	4	1	1	{GunId:"maxstuff:aug_a1",GunFireMode:"AUTO",GunCurrentAmmoCount:8,HasBulletInBarrel:1b}
tacz:modern_kinetic_gun	4	1	1	{GunId:"maxstuff:aug_a2",GunFireMode:"AUTO",GunCurrentAmmoCount:8,HasBulletInBarrel:1b}
tacz:modern_kinetic_gun	4	1	1	{GunId:"maxstuff:aug_a3",GunFireMode:"AUTO",GunCurrentAmmoCount:8,HasBulletInBarrel:1b}
tacz:modern_kinetic_gun	4	1	1	{GunId:"maxstuff:aug_a3_9mm",GunFireMode:"AUTO",GunCurrentAmmoCount:8,HasBulletInBarrel:1b}
tacz:modern_kinetic_gun	6	1	1	{GunId:"maxstuff:bizon",GunFireMode:"AUTO",GunCurrentAmmoCount:8,HasBulletInBarrel:1b}
tacz:modern_kinetic_gun	4	1	1	{GunId:"maxstuff:brn180",GunFireMode:"AUTO",GunCurrentAmmoCount:8,HasBulletInBarrel:1b}
tacz:modern_kinetic_gun	8	1	1	{GunId:"maxstuff:cz75",GunFireMode:"SEMI",GunCurrentAmmoCount:8,HasBulletInBarrel:1b}
tacz:modern_kinetic_gun	4	1	1	{GunId:"maxstuff:fal",GunFireMode:"AUTO",GunCurrentAmmoCount:8,HasBulletInBarrel:1b}
tacz:modern_kinetic_gun	4	1	1	{GunId:"maxstuff:fg42",GunFireMode:"AUTO",GunCurrentAmmoCount:8,HasBulletInBarrel:1b}
tacz:modern_kinetic_gun	8	1	1	{GunId:"maxstuff:five_seven",GunFireMode:"SEMI",GunCurrentAmmoCount:8,HasBulletInBarrel:1b}
tacz:modern_kinetic_gun	6	1	1	{GunId:"maxstuff:fn_p90",GunFireMode:"AUTO",GunCurrentAmmoCount:8,HasBulletInBarrel:1b}
tacz:modern_kinetic_gun	8	1	1	{GunId:"maxstuff:fnx45",GunFireMode:"SEMI",GunCurrentAmmoCount:8,HasBulletInBarrel:1b}
tacz:modern_kinetic_gun	4	1	1	{GunId:"maxstuff:g3",GunFireMode:"AUTO",GunCurrentAmmoCount:8,HasBulletInBarrel:1b}
tacz:modern_kinetic_gun	4	1	1	{GunId:"maxstuff:g36c",GunFireMode:"AUTO",GunCurrentAmmoCount:8,HasBulletInBarrel:1b}
tacz:modern_kinetic_gun	4	1	1	{GunId:"maxstuff:g36e",GunFireMode:"AUTO",GunCurrentAmmoCount:8,HasBulletInBarrel:1b}
tacz:modern_kinetic_gun	8	1	1	{GunId:"maxstuff:glock17",GunFireMode:"SEMI",GunCurrentAmmoCount:8,HasBulletInBarrel:1b}
tacz:modern_kinetic_gun	8	1	1	{GunId:"maxstuff:glock18c",GunFireMode:"AUTO",GunCurrentAmmoCount:8,HasBulletInBarrel:1b}
tacz:modern_kinetic_gun	8	1	1	{GunId:"maxstuff:glock19",GunFireMode:"SEMI",GunCurrentAmmoCount:8,HasBulletInBarrel:1b}
tacz:modern_kinetic_gun	8	1	1	{GunId:"maxstuff:glock20",GunFireMode:"SEMI",GunCurrentAmmoCount:8,HasBulletInBarrel:1b}
tacz:modern_kinetic_gun	8	1	1	{GunId:"maxstuff:glock21",GunFireMode:"SEMI",GunCurrentAmmoCount:8,HasBulletInBarrel:1b}
tacz:modern_kinetic_gun	8	1	1	{GunId:"maxstuff:glock22",GunFireMode:"SEMI",GunCurrentAmmoCount:8,HasBulletInBarrel:1b}
tacz:modern_kinetic_gun	8	1	1	{GunId:"maxstuff:glock23",GunFireMode:"SEMI",GunCurrentAmmoCount:8,HasBulletInBarrel:1b}
tacz:modern_kinetic_gun	8	1	1	{GunId:"maxstuff:glock25",GunFireMode:"SEMI",GunCurrentAmmoCount:8,HasBulletInBarrel:1b}
tacz:modern_kinetic_gun	8	1	1	{GunId:"maxstuff:glock26",GunFireMode:"SEMI",GunCurrentAmmoCount:8,HasBulletInBarrel:1b}
tacz:modern_kinetic_gun	8	1	1	{GunId:"maxstuff:glock27",GunFireMode:"SEMI",GunCurrentAmmoCount:8,HasBulletInBarrel:1b}
tacz:modern_kinetic_gun	8	1	1	{GunId:"maxstuff:glock28",GunFireMode:"SEMI",GunCurrentAmmoCount:8,HasBulletInBarrel:1b}
tacz:modern_kinetic_gun	8	1	1	{GunId:"maxstuff:glock29",GunFireMode:"SEMI",GunCurrentAmmoCount:8,HasBulletInBarrel:1b}
tacz:modern_kinetic_gun	8	1	1	{GunId:"maxstuff:glock30",GunFireMode:"SEMI",GunCurrentAmmoCount:8,HasBulletInBarrel:1b}
tacz:modern_kinetic_gun	8	1	1	{GunId:"maxstuff:glock31",GunFireMode:"SEMI",GunCurrentAmmoCount:8,HasBulletInBarrel:1b}
tacz:modern_kinetic_gun	8	1	1	{GunId:"maxstuff:glock32",GunFireMode:"SEMI",GunCurrentAmmoCount:8,HasBulletInBarrel:1b}
tacz:modern_kinetic_gun	8	1	1	{GunId:"maxstuff:glock33",GunFireMode:"SEMI",GunCurrentAmmoCount:8,HasBulletInBarrel:1b}
tacz:modern_kinetic_gun	8	1	1	{GunId:"maxstuff:glock34",GunFireMode:"SEMI",GunCurrentAmmoCount:8,HasBulletInBarrel:1b}
tacz:modern_kinetic_gun	8	1	1	{GunId:"maxstuff:glock35",GunFireMode:"SEMI",GunCurrentAmmoCount:8,HasBulletInBarrel:1b}
tacz:modern_kinetic_gun	8	1	1	{GunId:"maxstuff:glock36",GunFireMode:"SEMI",GunCurrentAmmoCount:8,HasBulletInBarrel:1b}
tacz:modern_kinetic_gun	8	1	1	{GunId:"maxstuff:glock37",GunFireMode:"SEMI",GunCurrentAmmoCount:8,HasBulletInBarrel:1b}
tacz:modern_kinetic_gun	8	1	1	{GunId:"maxstuff:glock38",GunFireMode:"SEMI",GunCurrentAmmoCount:8,HasBulletInBarrel:1b}
tacz:modern_kinetic_gun	8	1	1	{GunId:"maxstuff:glock39",GunFireMode:"SEMI",GunCurrentAmmoCount:8,HasBulletInBarrel:1b}
tacz:modern_kinetic_gun	8	1	1	{GunId:"maxstuff:glock40",GunFireMode:"SEMI",GunCurrentAmmoCount:8,HasBulletInBarrel:1b}
tacz:modern_kinetic_gun	8	1	1	{GunId:"maxstuff:glock41",GunFireMode:"SEMI",GunCurrentAmmoCount:8,HasBulletInBarrel:1b}
tacz:modern_kinetic_gun	8	1	1	{GunId:"maxstuff:glock42",GunFireMode:"SEMI",GunCurrentAmmoCount:8,HasBulletInBarrel:1b}
tacz:modern_kinetic_gun	8	1	1	{GunId:"maxstuff:glock43",GunFireMode:"SEMI",GunCurrentAmmoCount:8,HasBulletInBarrel:1b}
tacz:modern_kinetic_gun	8	1	1	{GunId:"maxstuff:glock44",GunFireMode:"SEMI",GunCurrentAmmoCount:8,HasBulletInBarrel:1b}
tacz:modern_kinetic_gun	8	1	1	{GunId:"maxstuff:glock45",GunFireMode:"SEMI",GunCurrentAmmoCount:8,HasBulletInBarrel:1b}
tacz:modern_kinetic_gun	8	1	1	{GunId:"maxstuff:glock46",GunFireMode:"SEMI",GunCurrentAmmoCount:8,HasBulletInBarrel:1b}
tacz:modern_kinetic_gun	8	1	1	{GunId:"maxstuff:glock47",GunFireMode:"SEMI",GunCurrentAmmoCount:8,HasBulletInBarrel:1b}
tacz:modern_kinetic_gun	8	1	1	{GunId:"maxstuff:glock48",GunFireMode:"SEMI",GunCurrentAmmoCount:8,HasBulletInBarrel:1b}
tacz:modern_kinetic_gun	8	1	1	{GunId:"maxstuff:glock49",GunFireMode:"SEMI",GunCurrentAmmoCount:8,HasBulletInBarrel:1b}
tacz:modern_kinetic_gun	8	1	1	{GunId:"maxstuff:glock50",GunFireMode:"SEMI",GunCurrentAmmoCount:8,HasBulletInBarrel:1b}
tacz:modern_kinetic_gun	8	1	1	{GunId:"maxstuff:glock51",GunFireMode:"SEMI",GunCurrentAmmoCount:8,HasBulletInBarrel:1b}
tacz:modern_kinetic_gun	8	1	1	{GunId:"maxstuff:glock52",GunFireMode:"SEMI",GunCurrentAmmoCount:8,HasBulletInBarrel:1b}
tacz:modern_kinetic_gun	8	1	1	{GunId:"maxstuff:glock53",GunFireMode:"SEMI",GunCurrentAmmoCount:8,HasBulletInBarrel:1b}
tacz:modern_kinetic_gun	8	1	1	{GunId:"maxstuff:glock54",GunFireMode:"SEMI",GunCurrentAmmoCount:8,HasBulletInBarrel:1b}
tacz:modern_kinetic_gun	8	1	1	{GunId:"maxstuff:glock55",GunFireMode:"SEMI",GunCurrentAmmoCount:8,HasBulletInBarrel:1b}
tacz:modern_kinetic_gun	8	1	1	{GunId:"maxstuff:glock56",GunFireMode:"SEMI",GunCurrentAmmoCount:8,HasBulletInBarrel:1b}
tacz:modern_kinetic_gun	8	1	1	{GunId:"maxstuff:glock57",GunFireMode:"SEMI",GunCurrentAmmoCount:8,HasBulletInBarrel:1b}
tacz:modern_kinetic_gun	8	1	1	{GunId:"maxstuff:glock58",GunFireMode:"SEMI",GunCurrentAmmoCount:8,HasBulletInBarrel:1b}
tacz:modern_kinetic_gun	8	1	1	{GunId:"maxstuff:glock59",GunFireMode:"SEMI",GunCurrentAmmoCount:8,HasBulletInBarrel:1b}
tacz:modern_kinetic_gun	8	1	1	{GunId:"maxstuff:glock60",GunFireMode:"SEMI",GunCurrentAmmoCount:8,HasBulletInBarrel:1b}
tacz:modern_kinetic_gun	6	1	1	{GunId:"maxstuff:kriss_vector",GunFireMode:"AUTO",GunCurrentAmmoCount:8,HasBulletInBarrel:1b}
tacz:modern_kinetic_gun	4	1	1	{GunId:"maxstuff:m1_garand",GunFireMode:"SEMI",GunCurrentAmmoCount:8,HasBulletInBarrel:1b}
tacz:modern_kinetic_gun	8	1	1	{GunId:"maxstuff:m1911",GunFireMode:"SEMI",GunCurrentAmmoCount:8,HasBulletInBarrel:1b}
tacz:modern_kinetic_gun	4	1	1	{GunId:"maxstuff:m4a1",GunFireMode:"AUTO",GunCurrentAmmoCount:8,HasBulletInBarrel:1b}
tacz:modern_kinetic_gun	2	1	1	{GunId:"maxstuff:m60",GunFireMode:"AUTO",GunCurrentAmmoCount:8,HasBulletInBarrel:1b}
tacz:modern_kinetic_gun	2	1	1	{GunId:"maxstuff:m700",GunFireMode:"SEMI",GunCurrentAmmoCount:8,HasBulletInBarrel:1b}
tacz:modern_kinetic_gun	5	1	1	{GunId:"maxstuff:m870",GunFireMode:"SEMI",GunCurrentAmmoCount:8,HasBulletInBarrel:1b}
tacz:modern_kinetic_gun	8	1	1	{GunId:"maxstuff:makarov",GunFireMode:"SEMI",GunCurrentAmmoCount:8,HasBulletInBarrel:1b}
tacz:modern_kinetic_gun	8	1	1	{GunId:"maxstuff:mateba",GunFireMode:"SEMI",GunCurrentAmmoCount:8,HasBulletInBarrel:1b}
tacz:modern_kinetic_gun	4	1	1	{GunId:"maxstuff:mcx_spear",GunFireMode:"AUTO",GunCurrentAmmoCount:8,HasBulletInBarrel:1b}
tacz:modern_kinetic_gun	6	1	1	{GunId:"maxstuff:mp5",GunFireMode:"AUTO",GunCurrentAmmoCount:8,HasBulletInBarrel:1b}
tacz:modern_kinetic_gun	6	1	1	{GunId:"maxstuff:mp5k",GunFireMode:"AUTO",GunCurrentAmmoCount:8,HasBulletInBarrel:1b}
tacz:modern_kinetic_gun	6	1	1	{GunId:"maxstuff:mp7",GunFireMode:"AUTO",GunCurrentAmmoCount:8,HasBulletInBarrel:1b}
tacz:modern_kinetic_gun	8	1	1	{GunId:"maxstuff:mp9",GunFireMode:"AUTO",GunCurrentAmmoCount:8,HasBulletInBarrel:1b}
tacz:modern_kinetic_gun	6	1	1	{GunId:"maxstuff:pp19",GunFireMode:"AUTO",GunCurrentAmmoCount:8,HasBulletInBarrel:1b}
tacz:modern_kinetic_gun	6	1	1	{GunId:"maxstuff:pp2000",GunFireMode:"AUTO",GunCurrentAmmoCount:8,HasBulletInBarrel:1b}
tacz:modern_kinetic_gun	4	1	1	{GunId:"maxstuff:sa58",GunFireMode:"AUTO",GunCurrentAmmoCount:8,HasBulletInBarrel:1b}
tacz:modern_kinetic_gun	5	1	1	{GunId:"maxstuff:saiga12",GunFireMode:"AUTO",GunCurrentAmmoCount:8,HasBulletInBarrel:1b}
tacz:modern_kinetic_gun	4	1	1	{GunId:"maxstuff:scar_h",GunFireMode:"AUTO",GunCurrentAmmoCount:8,HasBulletInBarrel:1b}
tacz:modern_kinetic_gun	4	1	1	{GunId:"maxstuff:scar_l",GunFireMode:"AUTO",GunCurrentAmmoCount:8,HasBulletInBarrel:1b}
tacz:modern_kinetic_gun	2	1	1	{GunId:"maxstuff:svd",GunFireMode:"SEMI",GunCurrentAmmoCount:8,HasBulletInBarrel:1b}
tacz:modern_kinetic_gun	4	1	1	{GunId:"maxstuff:type81",GunFireMode:"AUTO",GunCurrentAmmoCount:8,HasBulletInBarrel:1b}
tacz:modern_kinetic_gun	6	1	1	{GunId:"maxstuff:ump45",GunFireMode:"AUTO",GunCurrentAmmoCount:8,HasBulletInBarrel:1b}
tacz:modern_kinetic_gun	6	1	1	{GunId:"maxstuff:uzi",GunFireMode:"AUTO",GunCurrentAmmoCount:8,HasBulletInBarrel:1b}
tacz:modern_kinetic_gun	4	1	1	{GunId:"maxstuff:val",GunFireMode:"AUTO",GunCurrentAmmoCount:8,HasBulletInBarrel:1b}
tacz:modern_kinetic_gun	2	1	1	{GunId:"maxstuff:vss",GunFireMode:"SEMI",GunCurrentAmmoCount:8,HasBulletInBarrel:1b}
tacz:attachment	1	1	1	{AttachmentId:"maxstuff:a3_grip"}
tacz:attachment	1	1	1	{AttachmentId:"maxstuff:canted_irons"}
tacz:attachment	1	1	1	{AttachmentId:"maxstuff:glaser"}
tacz:attachment	1	1	1	{AttachmentId:"maxstuff:glock_stock"}
tacz:attachment	1	1	1	{AttachmentId:"maxstuff:hera_cqr"}
tacz:attachment	1	1	1	{AttachmentId:"maxstuff:kac_grip"}
tacz:attachment	1	1	1	{AttachmentId:"maxstuff:laser"}
tacz:attachment	1	1	1	{AttachmentId:"maxstuff:m4_stock"}
tacz:attachment	1	1	1	{AttachmentId:"maxstuff:magpul_grip"}
tacz:attachment	1	1	1	{AttachmentId:"maxstuff:magpul_stock"}
tacz:attachment	1	1	1	{AttachmentId:"maxstuff:micro_t1"}
tacz:attachment	1	1	1	{AttachmentId:"maxstuff:mp7_grip"}
tacz:attachment	1	1	1	{AttachmentId:"maxstuff:pk06"}
tacz:attachment	1	1	1	{AttachmentId:"maxstuff:pt1_stock"}
tacz:attachment	1	1	1	{AttachmentId:"maxstuff:rk3_grip"}
tacz:attachment	1	1	1	{AttachmentId:"maxstuff:romeo5"}
tacz:attachment	1	1	1	{AttachmentId:"maxstuff:stock_ak"}
tacz:attachment	1	1	1	{AttachmentId:"maxstuff:suppressor_45"}
tacz:attachment	1	1	1	{AttachmentId:"maxstuff:suppressor_556"}
tacz:attachment	1	1	1	{AttachmentId:"maxstuff:suppressor_762"}
tacz:attachment	1	1	1	{AttachmentId:"maxstuff:vertical_grip"}
tacz:modern_kinetic_gun	4	1	1	{GunId:"erode:ats15mod_isaac",GunFireMode:"AUTO",GunCurrentAmmoCount:8,HasBulletInBarrel:1b}
tacz:modern_kinetic_gun	4	1	1	{GunId:"erode:ats15_isaac",GunFireMode:"SEMI",GunCurrentAmmoCount:8,HasBulletInBarrel:1b}
tacz:modern_kinetic_gun	4	1	1	{GunId:"erode:sbr15_isaac",GunFireMode:"AUTO",GunCurrentAmmoCount:8,HasBulletInBarrel:1b}
tacz:modern_kinetic_gun	2	1	1	{GunId:"sfms:acr",GunFireMode:"AUTO",GunCurrentAmmoCount:8,HasBulletInBarrel:1b}
tacz:modern_kinetic_gun	2	1	1	{GunId:"sfms:ak15",GunFireMode:"AUTO",GunCurrentAmmoCount:8,HasBulletInBarrel:1b}
tacz:modern_kinetic_gun	2	1	1	{GunId:"sfms:ak47",GunFireMode:"AUTO",GunCurrentAmmoCount:8,HasBulletInBarrel:1b}
tacz:modern_kinetic_gun	2	1	1	{GunId:"sfms:ak74",GunFireMode:"AUTO",GunCurrentAmmoCount:8,HasBulletInBarrel:1b}
tacz:modern_kinetic_gun	2	1	1	{GunId:"sfms:akm",GunFireMode:"AUTO",GunCurrentAmmoCount:8,HasBulletInBarrel:1b}
tacz:modern_kinetic_gun	2	1	1	{GunId:"sfms:aks74u",GunFireMode:"AUTO",GunCurrentAmmoCount:8,HasBulletInBarrel:1b}
tacz:modern_kinetic_gun	2	1	1	{GunId:"sfms:aug",GunFireMode:"AUTO",GunCurrentAmmoCount:8,HasBulletInBarrel:1b}
tacz:modern_kinetic_gun	2	1	1	{GunId:"sfms:bar",GunFireMode:"AUTO",GunCurrentAmmoCount:8,HasBulletInBarrel:1b}
tacz:modern_kinetic_gun	2	1	1	{GunId:"sfms:cheytac",GunFireMode:"SEMI",GunCurrentAmmoCount:8,HasBulletInBarrel:1b}
tacz:modern_kinetic_gun	2	1	1	{GunId:"sfms:fn57",GunFireMode:"SEMI",GunCurrentAmmoCount:8,HasBulletInBarrel:1b}
tacz:modern_kinetic_gun	2	1	1	{GunId:"sfms:g36c",GunFireMode:"AUTO",GunCurrentAmmoCount:8,HasBulletInBarrel:1b}
tacz:modern_kinetic_gun	2	1	1	{GunId:"sfms:galil",GunFireMode:"AUTO",GunCurrentAmmoCount:8,HasBulletInBarrel:1b}
tacz:modern_kinetic_gun	2	1	1	{GunId:"sfms:garand",GunFireMode:"SEMI",GunCurrentAmmoCount:8,HasBulletInBarrel:1b}
tacz:modern_kinetic_gun	2	1	1	{GunId:"sfms:har50",GunFireMode:"AUTO",GunCurrentAmmoCount:8,HasBulletInBarrel:1b}
tacz:modern_kinetic_gun	2	1	1	{GunId:"sfms:hk416",GunFireMode:"AUTO",GunCurrentAmmoCount:8,HasBulletInBarrel:1b}
tacz:modern_kinetic_gun	2	1	1	{GunId:"sfms:kriss",GunFireMode:"AUTO",GunCurrentAmmoCount:8,HasBulletInBarrel:1b}
tacz:modern_kinetic_gun	2	1	1	{GunId:"sfms:l85a2",GunFireMode:"AUTO",GunCurrentAmmoCount:8,HasBulletInBarrel:1b}
tacz:modern_kinetic_gun	2	1	1	{GunId:"sfms:lap57",GunFireMode:"AUTO",GunCurrentAmmoCount:8,HasBulletInBarrel:1b}
tacz:modern_kinetic_gun	2	1	1	{GunId:"sfms:m14",GunFireMode:"SEMI",GunCurrentAmmoCount:8,HasBulletInBarrel:1b}
tacz:modern_kinetic_gun	2	1	1	{GunId:"sfms:m249",GunFireMode:"AUTO",GunCurrentAmmoCount:8,HasBulletInBarrel:1b}
tacz:modern_kinetic_gun	2	1	1	{GunId:"sfms:m4a1",GunFireMode:"AUTO",GunCurrentAmmoCount:8,HasBulletInBarrel:1b}
tacz:modern_kinetic_gun	2	1	1	{GunId:"sfms:m60",GunFireMode:"AUTO",GunCurrentAmmoCount:8,HasBulletInBarrel:1b}
tacz:modern_kinetic_gun	2	1	1	{GunId:"sfms:m870",GunFireMode:"SEMI",GunCurrentAmmoCount:8,HasBulletInBarrel:1b}
tacz:modern_kinetic_gun	2	1	1	{GunId:"sfms:mk14",GunFireMode:"SEMI",GunCurrentAmmoCount:8,HasBulletInBarrel:1b}
tacz:modern_kinetic_gun	2	1	1	{GunId:"sfms:mk18",GunFireMode:"AUTO",GunCurrentAmmoCount:8,HasBulletInBarrel:1b}
tacz:modern_kinetic_gun	2	1	1	{GunId:"sfms:mp5",GunFireMode:"AUTO",GunCurrentAmmoCount:8,HasBulletInBarrel:1b}
tacz:modern_kinetic_gun	2	1	1	{GunId:"sfms:mp7",GunFireMode:"AUTO",GunCurrentAmmoCount:8,HasBulletInBarrel:1b}
tacz:modern_kinetic_gun	2	1	1	{GunId:"sfms:p90",GunFireMode:"AUTO",GunCurrentAmmoCount:8,HasBulletInBarrel:1b}
tacz:modern_kinetic_gun	2	1	1	{GunId:"sfms:pkm",GunFireMode:"AUTO",GunCurrentAmmoCount:8,HasBulletInBarrel:1b}
tacz:modern_kinetic_gun	2	1	1	{GunId:"sfms:pp19",GunFireMode:"AUTO",GunCurrentAmmoCount:8,HasBulletInBarrel:1b}
tacz:modern_kinetic_gun	2	1	1	{GunId:"sfms:qbz191",GunFireMode:"AUTO",GunCurrentAmmoCount:8,HasBulletInBarrel:1b}
tacz:modern_kinetic_gun	2	1	1	{GunId:"sfms:sa58",GunFireMode:"AUTO",GunCurrentAmmoCount:8,HasBulletInBarrel:1b}
tacz:modern_kinetic_gun	2	1	1	{GunId:"sfms:scar_h",GunFireMode:"AUTO",GunCurrentAmmoCount:8,HasBulletInBarrel:1b}
tacz:modern_kinetic_gun	2	1	1	{GunId:"sfms:scar_l",GunFireMode:"AUTO",GunCurrentAmmoCount:8,HasBulletInBarrel:1b}
tacz:modern_kinetic_gun	2	1	1	{GunId:"sfms:skorpion",GunFireMode:"AUTO",GunCurrentAmmoCount:8,HasBulletInBarrel:1b}
tacz:modern_kinetic_gun	2	1	1	{GunId:"sfms:sks",GunFireMode:"SEMI",GunCurrentAmmoCount:8,HasBulletInBarrel:1b}
tacz:modern_kinetic_gun	2	1	1	{GunId:"sfms:spas12",GunFireMode:"SEMI",GunCurrentAmmoCount:8,HasBulletInBarrel:1b}
tacz:modern_kinetic_gun	2	1	1	{GunId:"sfms:svd",GunFireMode:"SEMI",GunCurrentAmmoCount:8,HasBulletInBarrel:1b}
tacz:modern_kinetic_gun	2	1	1	{GunId:"sfms:tar21",GunFireMode:"AUTO",GunCurrentAmmoCount:8,HasBulletInBarrel:1b}
tacz:modern_kinetic_gun	2	1	1	{GunId:"sfms:tec9",GunFireMode:"AUTO",GunCurrentAmmoCount:8,HasBulletInBarrel:1b}
tacz:modern_kinetic_gun	2	1	1	{GunId:"sfms:tommy",GunFireMode:"AUTO",GunCurrentAmmoCount:8,HasBulletInBarrel:1b}
tacz:modern_kinetic_gun	2	1	1	{GunId:"sfms:type100",GunFireMode:"AUTO",GunCurrentAmmoCount:8,HasBulletInBarrel:1b}
tacz:modern_kinetic_gun	2	1	1	{GunId:"sfms:type81",GunFireMode:"AUTO",GunCurrentAmmoCount:8,HasBulletInBarrel:1b}
tacz:modern_kinetic_gun	2	1	1	{GunId:"sfms:ump45",GunFireMode:"AUTO",GunCurrentAmmoCount:8,HasBulletInBarrel:1b}
tacz:modern_kinetic_gun	2	1	1	{GunId:"sfms:uzi",GunFireMode:"AUTO",GunCurrentAmmoCount:8,HasBulletInBarrel:1b}
tacz:modern_kinetic_gun	2	1	1	{GunId:"sfms:vector",GunFireMode:"AUTO",GunCurrentAmmoCount:8,HasBulletInBarrel:1b}
tacz:modern_kinetic_gun	2	1	1	{GunId:"sfms:vss",GunFireMode:"SEMI",GunCurrentAmmoCount:8,HasBulletInBarrel:1b}
tacz:attachment	1	1	1	{AttachmentId:"erode:grip_ats15only_isaac"}
tacz:attachment	1	1	1	{AttachmentId:"erode:sight_ets108s_isaac"}
tacz:attachment	1	1	1	{AttachmentId:"erode:sight_ets108_isaac"}
tacz:attachment	1	1	1	{AttachmentId:"sfms:acog"}
tacz:attachment	1	1	1	{AttachmentId:"sfms:acog2"}
tacz:attachment	1	1	1	{AttachmentId:"sfms:aimpoint"}
tacz:attachment	1	1	1	{AttachmentId:"sfms:ak_stock"}
tacz:attachment	1	1	1	{AttachmentId:"sfms:ak_stock2"}
tacz:attachment	1	1	1	{AttachmentId:"sfms:angled"}
tacz:attachment	1	1	1	{AttachmentId:"sfms:angled2"}
tacz:attachment	1	1	1	{AttachmentId:"sfms:angled3"}
tacz:attachment	1	1	1	{AttachmentId:"sfms:angled4"}
tacz:attachment	1	1	1	{AttachmentId:"sfms:angled5"}
tacz:attachment	1	1	1	{AttachmentId:"sfms:barrel1"}
tacz:attachment	1	1	1	{AttachmentId:"sfms:barrel2"}
tacz:attachment	1	1	1	{AttachmentId:"sfms:barrel3"}
tacz:attachment	1	1	1	{AttachmentId:"sfms:bipod"}
tacz:attachment	1	1	1	{AttachmentId:"sfms:bipod2"}
tacz:attachment	1	1	1	{AttachmentId:"sfms:brake"}
tacz:attachment	1	1	1	{AttachmentId:"sfms:brake2"}
tacz:attachment	1	1	1	{AttachmentId:"sfms:canted"}
tacz:attachment	1	1	1	{AttachmentId:"sfms:comp"}
tacz:attachment	1	1	1	{AttachmentId:"sfms:comp2"}
tacz:attachment	1	1	1	{AttachmentId:"sfms:comp3"}
tacz:attachment	1	1	1	{AttachmentId:"sfms:dot"}
tacz:attachment	1	1	1	{AttachmentId:"sfms:dot2"}
tacz:attachment	1	1	1	{AttachmentId:"sfms:drum"}
tacz:attachment	1	1	1	{AttachmentId:"sfms:drum2"}
tacz:attachment	1	1	1	{AttachmentId:"sfms:eotech"}
tacz:attachment	1	1	1	{AttachmentId:"sfms:grip"}
tacz:attachment	1	1	1	{AttachmentId:"sfms:grip2"}
tacz:attachment	1	1	1	{AttachmentId:"sfms:grip3"}
tacz:attachment	1	1	1	{AttachmentId:"sfms:grip4"}
tacz:attachment	1	1	1	{AttachmentId:"sfms:grip5"}
tacz:attachment	1	1	1	{AttachmentId:"sfms:grip6"}
tacz:attachment	1	1	1	{AttachmentId:"sfms:grip7"}
tacz:attachment	1	1	1	{AttachmentId:"sfms:holo"}
tacz:attachment	1	1	1	{AttachmentId:"sfms:irons"}
tacz:attachment	1	1	1	{AttachmentId:"sfms:laser"}
tacz:attachment	1	1	1	{AttachmentId:"sfms:laser2"}
tacz:attachment	1	1	1	{AttachmentId:"sfms:magnifier"}
tacz:attachment	1	1	1	{AttachmentId:"sfms:magnifier2"}
tacz:attachment	1	1	1	{AttachmentId:"sfms:micro"}
tacz:attachment	1	1	1	{AttachmentId:"sfms:muzzle"}
tacz:attachment	1	1	1	{AttachmentId:"sfms:muzzle2"}
tacz:attachment	1	1	1	{AttachmentId:"sfms:muzzle3"}
tacz:attachment	1	1	1	{AttachmentId:"sfms:optic1"}
tacz:attachment	1	1	1	{AttachmentId:"sfms:optic2"}
tacz:attachment	1	1	1	{AttachmentId:"sfms:optic3"}
tacz:attachment	1	1	1	{AttachmentId:"sfms:optic4"}
tacz:attachment	1	1	1	{AttachmentId:"sfms:optic5"}
tacz:attachment	1	1	1	{AttachmentId:"sfms:optic6"}
tacz:attachment	1	1	1	{AttachmentId:"sfms:optic7"}
tacz:attachment	1	1	1	{AttachmentId:"sfms:pkas"}
tacz:attachment	1	1	1	{AttachmentId:"sfms:ps01"}
tacz:attachment	1	1	1	{AttachmentId:"sfms:scope"}
tacz:attachment	1	1	1	{AttachmentId:"sfms:scope2"}
tacz:attachment	1	1	1	{AttachmentId:"sfms:scope3"}
tacz:attachment	1	1	1	{AttachmentId:"sfms:scope4"}
tacz:attachment	1	1	1	{AttachmentId:"sfms:scope5"}
tacz:attachment	1	1	1	{AttachmentId:"sfms:silencer"}
tacz:attachment	1	1	1	{AttachmentId:"sfms:silencer2"}
tacz:attachment	1	1	1	{AttachmentId:"sfms:silencer3"}
tacz:attachment	1	1	1	{AttachmentId:"sfms:stock"}
tacz:attachment	1	1	1	{AttachmentId:"sfms:stock2"}
tacz:attachment	1	1	1	{AttachmentId:"sfms:stock3"}
tacz:attachment	1	1	1	{AttachmentId:"sfms:stock4"}
tacz:attachment	1	1	1	{AttachmentId:"sfms:stock5"}
tacz:attachment	1	1	1	{AttachmentId:"sfms:suppressor"}
tacz:attachment	1	1	1	{AttachmentId:"sfms:suppressor2"}
tacz:attachment	1	1	1	{AttachmentId:"sfms:suppressor3"}
tacz:attachment	1	1	1	{AttachmentId:"sfms:vertical"}
tacz:attachment	1	1	1	{AttachmentId:"sfms:vertical2"}
tacz:attachment	1	1	1	{AttachmentId:"sfms:vertical3"}
tacz:attachment	1	1	1	{AttachmentId:"sfms:vertical4"}
tacz:attachment	1	1	1	{AttachmentId:"sfms:vertical5"}
tacz:attachment	1	1	1	{AttachmentId:"sfms:vertical6"}
tacz:attachment	1	1	1	{AttachmentId:"sfms:vertical7"}
tacz:attachment	1	1	1	{AttachmentId:"sfms:vertical8"}
tacz:attachment	1	1	1	{AttachmentId:"sfms:vertical9"}
tacz:attachment	1	1	1	{AttachmentId:"sfms:vertical10"}
tacz:attachment	1	1	1	{AttachmentId:"sfms:vertical11"}
tacz:attachment	1	1	1	{AttachmentId:"sfms:vertical12"}
tacz:attachment	1	1	1	{AttachmentId:"sfms:vertical13"}
