superbwarfare:handgun_ammo	8	20	24	
superbwarfare:rifle_ammo	7	20	24	
superbwarfare:shotgun_ammo	5	20	24	
tacz:ammo	9	20	24	{AmmoId:"tacz:9mm"}
tacz:ammo	7	20	24	{AmmoId:"tacz:45acp"}
tacz:ammo	8	20	24	{AmmoId:"tacz:556x45"}
tacz:ammo	7	20	24	{AmmoId:"tacz:762x39"}
tacz:ammo	5	20	24	{AmmoId:"tacz:12g"}
tacz:ammo	4	20	24	{AmmoId:"tacz:545x39"}
tacz:ammo	4	20	24	{AmmoId:"tacz:57x28"}
tacz:ammo	4	20	24	{AmmoId:"tacz:46x30"}
tacz:ammo	3	20	24	{AmmoId:"tacz:308"}
tacz:ammo	2	20	24	{AmmoId:"tacz:792x57"}
tacz:ammo	3	20	32	{AmmoId:"tacz:22wmr"}
tacz:ammo	3	20	32	{AmmoId:"tacz:30_06"}
tacz:ammo	3	20	32	{AmmoId:"tacz:357mag"}
tacz:ammo	3	20	32	{AmmoId:"tacz:45_70"}
tacz:ammo	3	20	32	{AmmoId:"tacz:500mag"}
tacz:ammo	3	20	32	{AmmoId:"tacz:50ae"}
tacz:ammo	3	20	32	{AmmoId:"tacz:58x42"}
superbwarfare:sniper_ammo	2	20	32	
superbwarfare:heavy_ammo	2	20	32	
superbwarfare:taser_electrode	2	20	32	
tacz:ammo	3	20	32	{AmmoId:"apdf:0950x38"}
tacz:ammo	3	20	32	{AmmoId:"apdf:1163x39"}
tacz:ammo	3	20	32	{AmmoId:"ea:300blk"}
tacz:ammo	3	20	32	{AmmoId:"ea:50beowulf"}
tacz:ammo	3	20	32	{AmmoId:"ea:602x41"}
tacz:ammo	3	20	32	{AmmoId:"ea:65creedmoor"}
tacz:ammo	3	20	32	{AmmoId:"ea:75fk"}
tacz:ammo	3	20	32	{AmmoId:"ea:792x57"}
tacz:ammo	3	20	32	{AmmoId:"ea:9x39"}
tacz:ammo	3	20	32	{AmmoId:"maxstuff:12g_db"}
tacz:ammo	3	20	32	{AmmoId:"maxstuff:12g_fl"}
tacz:ammo	3	20	32	{AmmoId:"maxstuff:bannana"}
tacz:ammo	3	20	32	{AmmoId:"maxstuff:laser"}
tacz:ammo	3	20	32	{AmmoId:"maxstuff:nails"}
tacz:ammo	3	20	32	{AmmoId:"sfms:12ap"}
tacz:ammo	3	20	32	{AmmoId:"sfms:300ms"}
tacz:ammo	3	20	32	{AmmoId:"sfms:30scp"}
tacz:ammo	3	20	32	{AmmoId:"sfms:50arms"}
tacz:ammo	3	20	32	{AmmoId:"sfms:50ich"}
tacz:ammo	3	20	32	{AmmoId:"sfms:arrow117"}
tacz:ammo	3	20	32	{AmmoId:"sfms:c812"}
tacz:ammo	3	20	32	{AmmoId:"sfms:c901"}
tacz:ammo	3	20	32	{AmmoId:"sfms:inf"}
tacz:ammo	3	20	32	{AmmoId:"sfms:m995"}
tacz:ammo	3	20	32	{AmmoId:"tacz:338"}
tacz:ammo	3	20	32	{AmmoId:"tacz:50bmg"}
tacz:ammo	3	20	32	{AmmoId:"tacz:68x51fury"}
tacz:ammo	3	20	32	{AmmoId:"tacz:762x54"}
tacz:ammo	3	20	32	{AmmoId:"ea:10g"}
tacz:ammo	3	20	32	{AmmoId:"ea:10mm"}
tacz:ammo	3	20	32	{AmmoId:"ea:127x108"}
tacz:ammo	3	20	32	{AmmoId:"ea:127x55"}
tacz:ammo	3	20	32	{AmmoId:"ea:145x114"}
tacz:ammo	3	20	32	{AmmoId:"ea:17hmr"}
tacz:ammo	3	20	32	{AmmoId:"ea:20g"}
tacz:ammo	3	20	32	{AmmoId:"ea:20x102"}
tacz:ammo	3	20	32	{AmmoId:"ea:22hornet"}
tacz:ammo	3	20	32	{AmmoId:"ea:22lr"}
tacz:ammo	3	20	32	{AmmoId:"ea:27kolibri"}
tacz:ammo	3	20	32	{AmmoId:"ea:300winmag"}
tacz:ammo	3	20	32	{AmmoId:"ea:3030win"}
tacz:ammo	3	20	32	{AmmoId:"ea:30mauser"}
tacz:ammo	3	20	32	{AmmoId:"ea:32acp"}
tacz:ammo	3	20	32	{AmmoId:"ea:338arc"}
tacz:ammo	3	20	32	{AmmoId:"ea:338norma"}
tacz:ammo	3	20	32	{AmmoId:"ea:357sig"}
tacz:ammo	3	20	32	{AmmoId:"ea:366magnum"}
tacz:ammo	3	20	32	{AmmoId:"ea:366tkm"}
tacz:ammo	3	20	32	{AmmoId:"ea:380auto"}
tacz:ammo	3	20	32	{AmmoId:"ea:408cheytac"}
tacz:ammo	3	20	32	{AmmoId:"ea:40sw"}
tacz:ammo	3	20	32	{AmmoId:"ea:410bore"}
tacz:ammo	3	20	32	{AmmoId:"ea:416barrett"}
tacz:ammo	3	20	32	{AmmoId:"ea:44magnum"}
tacz:ammo	3	20	32	{AmmoId:"ea:44special"}
tacz:ammo	3	20	32	{AmmoId:"ea:454casull"}
tacz:ammo	3	20	32	{AmmoId:"ea:458hamr"}
tacz:ammo	3	20	32	{AmmoId:"ea:458socom"}
tacz:ammo	3	20	32	{AmmoId:"ea:458winmag"}
tacz:ammo	3	20	32	{AmmoId:"ea:4g"}
tacz:ammo	3	20	32	{AmmoId:"ea:50gi"}
tacz:ammo	3	20	32	{AmmoId:"ea:556x30"}
tacz:ammo	3	20	32	{AmmoId:"ea:58x21"}
tacz:ammo	3	20	32	{AmmoId:"ea:68tvcm"}
tacz:ammo	3	20	32	{AmmoId:"ea:6arc"}
tacz:ammo	3	20	32	{AmmoId:"ea:792x33"}
tacz:ammo	3	20	32	{AmmoId:"ea:86blk"}
tacz:ammo	3	20	32	{AmmoId:"ea:950jdj"}
tacz:ammo	3	20	32	{AmmoId:"ea:9x18"}
tacz:ammo	3	20	32	{AmmoId:"ea:9x21"}
