tacz:modern_kinetic_gun	5	1	1	{GunId:"tacz:aa12",GunFireMode:"SEMI",GunCurrentAmmoCount:8,HasBulletInBarrel:1b}
tacz:modern_kinetic_gun	4	1	1	{GunId:"tacz:ak47",GunFireMode:"AUTO",GunCurrentAmmoCount:8,HasBulletInBarrel:1b}
tacz:modern_kinetic_gun	4	1	1	{GunId:"tacz:aug",GunFireMode:"AUTO",GunCurrentAmmoCount:8,HasBulletInBarrel:1b}
tacz:modern_kinetic_gun	8	1	1	{GunId:"tacz:b93r",GunFireMode:"BURST",GunCurrentAmmoCount:8,HasBulletInBarrel:1b}
tacz:modern_kinetic_gun	8	1	1	{GunId:"tacz:cz75",GunFireMode:"AUTO",GunCurrentAmmoCount:8,HasBulletInBarrel:1b}
tacz:modern_kinetic_gun	5	1	1	{GunId:"tacz:db_long",GunFireMode:"SEMI",GunCurrentAmmoCount:8,HasBulletInBarrel:1b}
tacz:modern_kinetic_gun	5	1	1	{GunId:"tacz:db_short",GunFireMode:"BURST",GunCurrentAmmoCount:8,HasBulletInBarrel:1b}
tacz:modern_kinetic_gun	8	1	1	{GunId:"tacz:deagle",GunFireMode:"SEMI",GunCurrentAmmoCount:8,HasBulletInBarrel:1b}
tacz:modern_kinetic_gun	8	1	1	{GunId:"tacz:deagle_golden",GunFireMode:"SEMI",GunCurrentAmmoCount:8,HasBulletInBarrel:1b}
tacz:modern_kinetic_gun	2	1	1	{GunId:"tacz:fn_evolys",GunFireMode:"AUTO",GunCurrentAmmoCount:8,HasBulletInBarrel:1b}
tacz:modern_kinetic_gun	4	1	1	{GunId:"tacz:fn_fal",GunFireMode:"SEMI",GunCurrentAmmoCount:8,HasBulletInBarrel:1b}
tacz:modern_kinetic_gun	4	1	1	{GunId:"tacz:g36k",GunFireMode:"AUTO",GunCurrentAmmoCount:8,HasBulletInBarrel:1b}
tacz:modern_kinetic_gun	8	1	1	{GunId:"tacz:glock_17",GunFireMode:"SEMI",GunCurrentAmmoCount:8,HasBulletInBarrel:1b}
tacz:modern_kinetic_gun	4	1	1	{GunId:"tacz:hk416d",GunFireMode:"AUTO",GunCurrentAmmoCount:8,HasBulletInBarrel:1b}
tacz:modern_kinetic_gun	4	1	1	{GunId:"tacz:hk_g3",GunFireMode:"SEMI",GunCurrentAmmoCount:8,HasBulletInBarrel:1b}
tacz:modern_kinetic_gun	8	1	1	{GunId:"tacz:hk_mk23",GunFireMode:"SEMI",GunCurrentAmmoCount:8,HasBulletInBarrel:1b}
tacz:modern_kinetic_gun	6	1	1	{GunId:"tacz:hk_mp5a5",GunFireMode:"AUTO",GunCurrentAmmoCount:8,HasBulletInBarrel:1b}
tacz:modern_kinetic_gun	2	1	1	{GunId:"tacz:kar98",GunFireMode:"SEMI",GunCurrentAmmoCount:8,HasBulletInBarrel:1b}
tacz:modern_kinetic_gun	8	1	1	{GunId:"tacz:lonetrail",GunFireMode:"SEMI",GunCurrentAmmoCount:8,HasBulletInBarrel:1b}
tacz:modern_kinetic_gun	5	1	1	{GunId:"tacz:m1014",GunFireMode:"SEMI",GunCurrentAmmoCount:8,HasBulletInBarrel:1b}
tacz:modern_kinetic_gun	4	1	1	{GunId:"tacz:m16a1",GunFireMode:"AUTO",GunCurrentAmmoCount:8,HasBulletInBarrel:1b}
tacz:modern_kinetic_gun	4	1	1	{GunId:"tacz:m16a4",GunFireMode:"BURST",GunCurrentAmmoCount:8,HasBulletInBarrel:1b}
tacz:modern_kinetic_gun	8	1	1	{GunId:"tacz:m1911",GunFireMode:"SEMI",GunCurrentAmmoCount:8,HasBulletInBarrel:1b}
tacz:modern_kinetic_gun	2	1	1	{GunId:"tacz:m249",GunFireMode:"AUTO",GunCurrentAmmoCount:8,HasBulletInBarrel:1b}
tacz:modern_kinetic_gun	1	1	1	{GunId:"tacz:m320",GunFireMode:"SEMI",GunCurrentAmmoCount:8,HasBulletInBarrel:1b}
tacz:modern_kinetic_gun	4	1	1	{GunId:"tacz:m4a1",GunFireMode:"AUTO",GunCurrentAmmoCount:8,HasBulletInBarrel:1b}
tacz:modern_kinetic_gun	2	1	1	{GunId:"tacz:m700",GunFireMode:"SEMI",GunCurrentAmmoCount:8,HasBulletInBarrel:1b}
tacz:modern_kinetic_gun	5	1	1	{GunId:"tacz:m870",GunFireMode:"SEMI",GunCurrentAmmoCount:8,HasBulletInBarrel:1b}
tacz:modern_kinetic_gun	8	1	1	{GunId:"tacz:m9a4",GunFireMode:"SEMI",GunCurrentAmmoCount:8,HasBulletInBarrel:1b}
tacz:modern_kinetic_gun	4	1	1	{GunId:"tacz:mk14",GunFireMode:"SEMI",GunCurrentAmmoCount:8,HasBulletInBarrel:1b}
tacz:modern_kinetic_gun	8	1	1	{GunId:"tacz:p320",GunFireMode:"SEMI",GunCurrentAmmoCount:8,HasBulletInBarrel:1b}
tacz:modern_kinetic_gun	6	1	1	{GunId:"tacz:p90",GunFireMode:"AUTO",GunCurrentAmmoCount:8,HasBulletInBarrel:1b}
tacz:modern_kinetic_gun	4	1	1	{GunId:"tacz:qbz_191",GunFireMode:"AUTO",GunCurrentAmmoCount:8,HasBulletInBarrel:1b}
tacz:modern_kinetic_gun	4	1	1	{GunId:"tacz:qbz_95",GunFireMode:"AUTO",GunCurrentAmmoCount:8,HasBulletInBarrel:1b}
tacz:modern_kinetic_gun	8	1	1	{GunId:"tacz:rhino357",GunFireMode:"SEMI",GunCurrentAmmoCount:8,HasBulletInBarrel:1b}
tacz:modern_kinetic_gun	2	1	1	{GunId:"tacz:rpk",GunFireMode:"AUTO",GunCurrentAmmoCount:8,HasBulletInBarrel:1b}
tacz:modern_kinetic_gun	4	1	1	{GunId:"tacz:scar_h",GunFireMode:"SEMI",GunCurrentAmmoCount:8,HasBulletInBarrel:1b}
tacz:modern_kinetic_gun	4	1	1	{GunId:"tacz:scar_l",GunFireMode:"AUTO",GunCurrentAmmoCount:8,HasBulletInBarrel:1b}
tacz:modern_kinetic_gun	4	1	1	{GunId:"tacz:sks_tactical",GunFireMode:"SEMI",GunCurrentAmmoCount:8,HasBulletInBarrel:1b}
tacz:modern_kinetic_gun	5	1	1	{GunId:"tacz:spas_12",GunFireMode:"SEMI",GunCurrentAmmoCount:8,HasBulletInBarrel:1b}
tacz:modern_kinetic_gun	4	1	1	{GunId:"tacz:spr15hb",GunFireMode:"SEMI",GunCurrentAmmoCount:8,HasBulletInBarrel:1b}
tacz:modern_kinetic_gun	2	1	1	{GunId:"tacz:springfield1873",GunFireMode:"SEMI",GunCurrentAmmoCount:8,HasBulletInBarrel:1b}
tacz:modern_kinetic_gun	8	1	1	{GunId:"tacz:taurus500",GunFireMode:"SEMI",GunCurrentAmmoCount:8,HasBulletInBarrel:1b}
tacz:modern_kinetic_gun	8	1	1	{GunId:"tacz:taurus943",GunFireMode:"SEMI",GunCurrentAmmoCount:8,HasBulletInBarrel:1b}
tacz:modern_kinetic_gun	8	1	1	{GunId:"tacz:timeless50",GunFireMode:"SEMI",GunCurrentAmmoCount:8,HasBulletInBarrel:1b}
tacz:modern_kinetic_gun	4	1	1	{GunId:"tacz:type_81",GunFireMode:"AUTO",GunCurrentAmmoCount:8,HasBulletInBarrel:1b}
tacz:modern_kinetic_gun	6	1	1	{GunId:"tacz:ump45",GunFireMode:"AUTO",GunCurrentAmmoCount:8,HasBulletInBarrel:1b}
tacz:modern_kinetic_gun	6	1	1	{GunId:"tacz:uzi",GunFireMode:"AUTO",GunCurrentAmmoCount:8,HasBulletInBarrel:1b}
tacz:modern_kinetic_gun	6	1	1	{GunId:"tacz:vector45",GunFireMode:"AUTO",GunCurrentAmmoCount:8,HasBulletInBarrel:1b}
superbwarfare:aa_12	5	1	1	
superbwarfare:ak_12	4	1	1	
superbwarfare:ak_47	4	1	1	
superbwarfare:bocek	1	1	1	
superbwarfare:devotion	2	1	1	
superbwarfare:glock_17	8	1	1	
superbwarfare:glock_18	8	1	1	
superbwarfare:hk_416	4	1	1	
superbwarfare:homemade_shotgun	5	1	1	
superbwarfare:hunting_rifle	2	1	1	
superbwarfare:igla_9k38	1	1	1	
superbwarfare:insidious	4	1	1	
superbwarfare:javelin	1	1	1	
superbwarfare:k_98	2	1	1	
superbwarfare:m_1911	8	1	1	
superbwarfare:m_2_hb	2	1	1	
superbwarfare:m_4	4	1	1	
superbwarfare:m_60	2	1	1	
superbwarfare:m_79	1	1	1	
superbwarfare:m_870	5	1	1	
superbwarfare:marlin	4	1	1	
superbwarfare:mk_14	4	1	1	
superbwarfare:mosin_nagant	2	1	1	
superbwarfare:mp_443	8	1	1	
superbwarfare:mp_5	6	1	1	
superbwarfare:qbz_191	4	1	1	
superbwarfare:qbz_95	4	1	1	
superbwarfare:ql_1031	2	1	1	
superbwarfare:rpk	2	1	1	
superbwarfare:secondary_cataclysm	1	1	1	
superbwarfare:sks	4	1	1	
superbwarfare:super_star_shooter	1	1	1	
superbwarfare:svd	2	1	1	
superbwarfare:taser	1	1	1	
superbwarfare:trachelium	8	1	1	
superbwarfare:vector	6	1	1	
superbwarfare:hand_grenade	1	1	1	
superbwarfare:rgo_grenade	1	1	1	
superbwarfare:m18_smoke_grenade	1	1	1	
superbwarfare:claymore_mine	1	1	1	
superbwarfare:c4_bomb	1	1	1	
tacz:ammo	1	1	3	{AmmoId:"tacz:40mm"}
superbwarfare:grenade_40mm	1	1	2	
superbwarfare:javelin_missile	1	1	2	
superbwarfare:medium_anti_air_missile	1	1	2	
tacz:modern_kinetic_gun	4	1	1	{GunId:"apdf:mdx2",GunFireMode:"AUTO",GunCurrentAmmoCount:8,HasBulletInBarrel:1b}
tacz:modern_kinetic_gun	4	1	1	{GunId:"apdf:mdx2s",GunFireMode:"SEMI",GunCurrentAmmoCount:8,HasBulletInBarrel:1b}
tacz:modern_kinetic_gun	4	1	1	{GunId:"apdf:mdx4",GunFireMode:"AUTO",GunCurrentAmmoCount:8,HasBulletInBarrel:1b}
tacz:modern_kinetic_gun	4	1	1	{GunId:"apdf:mdx5",GunFireMode:"AUTO",GunCurrentAmmoCount:8,HasBulletInBarrel:1b}
tacz:modern_kinetic_gun	4	1	1	{GunId:"apdf:mdxu",GunFireMode:"AUTO",GunCurrentAmmoCount:8,HasBulletInBarrel:1b}
tacz:modern_kinetic_gun	4	1	1	{GunId:"apdf:skw8",GunFireMode:"SEMI",GunCurrentAmmoCount:8,HasBulletInBarrel:1b}
tacz:attachment	1	1	1	{AttachmentId:"arip:aa12ex"}
tacz:attachment	1	1	1	{AttachmentId:"arip:arrogance"}
tacz:attachment	1	1	1	{AttachmentId:"arip:calibration"}
tacz:attachment	1	1	1	{AttachmentId:"arip:coercion"}
tacz:attachment	1	1	1	{AttachmentId:"arip:open"}
tacz:attachment	1	1	1	{AttachmentId:"arip:openz"}
tacz:attachment	1	1	1	{AttachmentId:"arip:sangfroid"}
tacz:attachment	1	1	1	{AttachmentId:"arip:sangfroid_shield"}
tacz:attachment	1	1	1	{AttachmentId:"arip:tacit"}
tacz:attachment	1	1	1	{AttachmentId:"arip:vicissitude"}
tacz:attachment	1	1	1	{AttachmentId:"asos:laser_3eir_dirv"}
tacz:attachment	1	1	1	{AttachmentId:"asos:laser_eotech_ogl"}
tacz:attachment	1	1	1	{AttachmentId:"asos:laser_eotech_ogl_sight"}
tacz:attachment	1	1	1	{AttachmentId:"asos:laser_vwt_c5"}
tacz:attachment	1	1	1	{AttachmentId:"asos:laser_vwt_c5l"}
tacz:attachment	1	1	1	{AttachmentId:"asos:sight_deon_d80hv56wtixgr"}
tacz:attachment	1	1	1	{AttachmentId:"asos:sight_eotech_eflx"}
tacz:attachment	1	1	1	{AttachmentId:"asos:sight_eotech_eflx_pica"}
tacz:attachment	1	1	1	{AttachmentId:"asos:sight_eotech_eflx_scorpion"}
tacz:attachment	1	1	1	{AttachmentId:"asos:sight_eotech_hhs1"}
tacz:attachment	1	1	1	{AttachmentId:"asos:sight_eotech_hhs1_nozoom"}
tacz:attachment	1	1	1	{AttachmentId:"asos:sight_eotech_hhs5_ogl_ftc"}
tacz:attachment	1	1	1	{AttachmentId:"asos:sight_eotech_hhs5_ogl_ftc_nozoom"}
tacz:attachment	1	1	1	{AttachmentId:"asos:sight_eotech_hhs6_hdl"}
tacz:attachment	1	1	1	{AttachmentId:"asos:sight_eotech_hhs6_hdl_nozoom"}
tacz:attachment	1	1	1	{AttachmentId:"asos:sight_eotech_hhs8"}
tacz:attachment	1	1	1	{AttachmentId:"asos:sight_eotech_hhs8_nozoom"}
tacz:attachment	1	1	1	{AttachmentId:"asos:sight_eotech_vudu_ffp_5t25x50"}
tacz:attachment	1	1	1	{AttachmentId:"asos:sight_eotech_vudu_sfp_3t9x32"}
tacz:attachment	1	1	1	{AttachmentId:"asos:sight_hilux_m20vts"}
tacz:attachment	1	1	1	{AttachmentId:"asos:sight_okp7"}
tacz:attachment	1	1	1	{AttachmentId:"asos:sight_phantom_xlrd310"}
tacz:attachment	1	1	1	{AttachmentId:"asos:sight_si_sidewinder2"}
tacz:attachment	1	1	1	{AttachmentId:"asos:sight_smtbd_cm2hp_10t60x56"}
tacz:attachment	1	1	1	{AttachmentId:"asos:sight_te_mrpro3x30ir"}
tacz:attachment	1	1	1	{AttachmentId:"asos:sight_vortex_razorhdg3_1t10x24"}
tacz:attachment	1	1	1	{AttachmentId:"asos:sight_vortex_razorhdg3_6t36x56"}
tacz:attachment	1	1	1	{AttachmentId:"asos:sight_vortex_venom_rd"}
tacz:attachment	1	1	1	{AttachmentId:"asos:sight_vortex_venom_rd_ambush"}
tacz:attachment	1	1	1	{AttachmentId:"asos:sight_vortex_viper_rd"}
tacz:attachment	1	1	1	{AttachmentId:"asos:sight_vortex_viper_rd_rex"}
tacz:attachment	1	1	1	{AttachmentId:"asos:sight_vortex_viper_rd_rex_painted"}
tacz:attachment	1	1	1	{AttachmentId:"asos:sight_zs_cpt"}
tacz:attachment	1	1	1	{AttachmentId:"atea:bayonet_6kh2"}
tacz:attachment	1	1	1	{AttachmentId:"atea:bayonet_6kh4"}
tacz:attachment	1	1	1	{AttachmentId:"atea:bayonet_6kh5"}
tacz:attachment	1	1	1	{AttachmentId:"atea:bayonet_sks_blade"}
tacz:attachment	1	1	1	{AttachmentId:"atea:buttstock_416c_contract"}
tacz:attachment	1	1	1	{AttachmentId:"atea:buttstock_416c_expand"}
tacz:attachment	1	1	1	{AttachmentId:"atea:buttstock_ambidextrous"}
tacz:attachment	1	1	1	{AttachmentId:"atea:buttstock_crab"}
tacz:attachment	1	1	1	{AttachmentId:"atea:buttstock_magpul_dtpr"}
tacz:attachment	1	1	1	{AttachmentId:"atea:buttstock_mxm_ccb"}
tacz:attachment	1	1	1	{AttachmentId:"atea:buttstock_mxm_ccs"}
tacz:attachment	1	1	1	{AttachmentId:"atea:buttstock_mxm_cqb6"}
tacz:attachment	1	1	1	{AttachmentId:"atea:buttstock_mxm_cqb7"}
tacz:attachment	1	1	1	{AttachmentId:"atea:buttstock_mxm_exc"}
tacz:attachment	1	1	1	{AttachmentId:"atea:buttstock_mxm_scw"}
tacz:attachment	1	1	1	{AttachmentId:"atea:buttstock_pt1"}
tacz:attachment	1	1	1	{AttachmentId:"atea:buttstock_pt1s"}
tacz:attachment	1	1	1	{AttachmentId:"atea:buttstock_pt3"}
tacz:attachment	1	1	1	{AttachmentId:"atea:buttstock_pt3s"}
tacz:attachment	1	1	1	{AttachmentId:"atea:buttstock_si_viper1"}
tacz:attachment	1	1	1	{AttachmentId:"atea:buttstock_si_viper2"}
tacz:attachment	1	1	1	{AttachmentId:"atea:buttstock_si_vipercqb"}
tacz:attachment	1	1	1	{AttachmentId:"atea:buttstock_tds"}
tacz:attachment	1	1	1	{AttachmentId:"atea:buttstock_zhukovs"}
tacz:attachment	1	1	1	{AttachmentId:"atea:grip_lb1"}
tacz:attachment	1	1	1	{AttachmentId:"atea:grip_rk1"}
tacz:attachment	1	1	1	{AttachmentId:"atea:grip_rk4"}
tacz:attachment	1	1	1	{AttachmentId:"atea:grip_rk5"}
tacz:attachment	1	1	1	{AttachmentId:"atea:grip_sf900a"}
tacz:attachment	1	1	1	{AttachmentId:"atea:grip_shift"}
tacz:attachment	1	1	1	{AttachmentId:"atea:grip_shiftshort"}
tacz:attachment	1	1	1	{AttachmentId:"atea:grip_sigurd"}
tacz:attachment	1	1	1	{AttachmentId:"atea:grip_utg_usa"}
tacz:attachment	1	1	1	{AttachmentId:"atea:grip_utg_usv"}
tacz:attachment	1	1	1	{AttachmentId:"atea:grip_vector"}
tacz:attachment	1	1	1	{AttachmentId:"atea:grip_zolfaqar_gc"}
tacz:attachment	1	1	1	{AttachmentId:"atea:grip_zolfaqar_gh"}
tacz:attachment	1	1	1	{AttachmentId:"atea:grip_zolfaqar_gp"}
tacz:attachment	1	1	1	{AttachmentId:"atea:muzzle_2a_x3"}
tacz:attachment	1	1	1	{AttachmentId:"atea:muzzle_cb30"}
tacz:attachment	1	1	1	{AttachmentId:"atea:muzzle_fd917"}
tacz:attachment	1	1	1	{AttachmentId:"atea:muzzle_fd919"}
tacz:attachment	1	1	1	{AttachmentId:"atea:muzzle_glock_doublediamond"}
tacz:attachment	1	1	1	{AttachmentId:"atea:muzzle_hybrid46m"}
tacz:attachment	1	1	1	{AttachmentId:"atea:muzzle_keymount"}
tacz:attachment	1	1	1	{AttachmentId:"atea:muzzle_mxm_dskm"}
tacz:attachment	1	1	1	{AttachmentId:"atea:muzzle_mxm_dsxm"}
tacz:attachment	1	1	1	{AttachmentId:"atea:muzzle_mxm_hb"}
tacz:attachment	1	1	1	{AttachmentId:"atea:muzzle_omega300"}
tacz:attachment	1	1	1	{AttachmentId:"atea:muzzle_osd2"}
tacz:attachment	1	1	1	{AttachmentId:"atea:muzzle_osprey45"}
tacz:attachment	1	1	1	{AttachmentId:"atea:muzzle_osprey9"}
tacz:attachment	1	1	1	{AttachmentId:"atea:muzzle_rotex5i"}
tacz:attachment	1	1	1	{AttachmentId:"atea:muzzle_salvo12"}
tacz:attachment	1	1	1	{AttachmentId:"atea:muzzle_si_cc"}
tacz:attachment	1	1	1	{AttachmentId:"atea:muzzle_si_md"}
tacz:attachment	1	1	1	{AttachmentId:"atea:muzzle_ultra5"}
tacz:attachment	1	1	1	{AttachmentId:"atea:muzzle_ultra50"}
tacz:attachment	1	1	1	{AttachmentId:"atea:muzzle_vector06"}
tacz:attachment	1	1	1	{AttachmentId:"atea:muzzle_vector10"}
tacz:attachment	1	1	1	{AttachmentId:"atea:muzzle_vector12"}
tacz:attachment	1	1	1	{AttachmentId:"atea:muzzle_vector14"}
tacz:attachment	1	1	1	{AttachmentId:"atea:muzzle_vector16"}
tacz:attachment	1	1	1	{AttachmentId:"atea:muzzle_vector18"}
tacz:modern_kinetic_gun	8	1	1	{GunId:"maxstuff:1851_navy",GunFireMode:"SEMI",GunCurrentAmmoCount:8,HasBulletInBarrel:1b}
tacz:modern_kinetic_gun	4	1	1	{GunId:"maxstuff:aa50beowulf",GunFireMode:"SEMI",GunCurrentAmmoCount:8,HasBulletInBarrel:1b}
tacz:modern_kinetic_gun	4	1	1	{GunId:"maxstuff:adar2",GunFireMode:"SEMI",GunCurrentAmmoCount:8,HasBulletInBarrel:1b}
tacz:modern_kinetic_gun	8	1	1	{GunId:"maxstuff:af2011",GunFireMode:"SEMI",GunCurrentAmmoCount:8,HasBulletInBarrel:1b}
tacz:modern_kinetic_gun	4	1	1	{GunId:"maxstuff:ak107",GunFireMode:"AUTO",GunCurrentAmmoCount:8,HasBulletInBarrel:1b}
tacz:modern_kinetic_gun	4	1	1	{GunId:"maxstuff:ak108",GunFireMode:"AUTO",GunCurrentAmmoCount:8,HasBulletInBarrel:1b}
tacz:modern_kinetic_gun	4	1	1	{GunId:"maxstuff:ak109",GunFireMode:"AUTO",GunCurrentAmmoCount:8,HasBulletInBarrel:1b}
tacz:modern_kinetic_gun	4	1	1	{GunId:"maxstuff:ak12",GunFireMode:"SEMI",GunCurrentAmmoCount:8,HasBulletInBarrel:1b}
tacz:modern_kinetic_gun	4	1	1	{GunId:"maxstuff:ak15",GunFireMode:"SEMI",GunCurrentAmmoCount:8,HasBulletInBarrel:1b}
tacz:modern_kinetic_gun	4	1	1	{GunId:"maxstuff:ak19",GunFireMode:"SEMI",GunCurrentAmmoCount:8,HasBulletInBarrel:1b}
tacz:modern_kinetic_gun	4	1	1	{GunId:"maxstuff:ak22",GunFireMode:"SEMI",GunCurrentAmmoCount:8,HasBulletInBarrel:1b}
tacz:modern_kinetic_gun	4	1	1	{GunId:"maxstuff:ak308",GunFireMode:"SEMI",GunCurrentAmmoCount:8,HasBulletInBarrel:1b}
tacz:modern_kinetic_gun	4	1	1	{GunId:"maxstuff:ak63e",GunFireMode:"SEMI",GunCurrentAmmoCount:8,HasBulletInBarrel:1b}
tacz:modern_kinetic_gun	4	1	1	{GunId:"maxstuff:ak74",GunFireMode:"SEMI",GunCurrentAmmoCount:8,HasBulletInBarrel:1b}
tacz:modern_kinetic_gun	4	1	1	{GunId:"maxstuff:ak74m",GunFireMode:"SEMI",GunCurrentAmmoCount:8,HasBulletInBarrel:1b}
tacz:modern_kinetic_gun	4	1	1	{GunId:"maxstuff:ak9",GunFireMode:"SEMI",GunCurrentAmmoCount:8,HasBulletInBarrel:1b}
tacz:modern_kinetic_gun	4	1	1	{GunId:"maxstuff:ak_alpha",GunFireMode:"AUTO",GunCurrentAmmoCount:8,HasBulletInBarrel:1b}
tacz:modern_kinetic_gun	4	1	1	{GunId:"maxstuff:ak_delta",GunFireMode:"SEMI",GunCurrentAmmoCount:8,HasBulletInBarrel:1b}
tacz:modern_kinetic_gun	4	1	1	{GunId:"maxstuff:aks74u",GunFireMode:"AUTO",GunCurrentAmmoCount:8,HasBulletInBarrel:1b}
tacz:modern_kinetic_gun	4	1	1	{GunId:"maxstuff:aks74ub",GunFireMode:"AUTO",GunCurrentAmmoCount:8,HasBulletInBarrel:1b}
tacz:modern_kinetic_gun	4	1	1	{GunId:"maxstuff:ar10",GunFireMode:"SEMI",GunCurrentAmmoCount:8,HasBulletInBarrel:1b}
tacz:modern_kinetic_gun	4	1	1	{GunId:"maxstuff:ar10b",GunFireMode:"SEMI",GunCurrentAmmoCount:8,HasBulletInBarrel:1b}
tacz:modern_kinetic_gun	4	1	1	{GunId:"maxstuff:ar18",GunFireMode:"AUTO",GunCurrentAmmoCount:8,HasBulletInBarrel:1b}
tacz:modern_kinetic_gun	6	1	1	{GunId:"maxstuff:ar57",GunFireMode:"AUTO",GunCurrentAmmoCount:8,HasBulletInBarrel:1b}
tacz:modern_kinetic_gun	4	1	1	{GunId:"maxstuff:ar762",GunFireMode:"BURST",GunCurrentAmmoCount:8,HasBulletInBarrel:1b}
tacz:modern_kinetic_gun	4	1	1	{GunId:"maxstuff:arp",GunFireMode:"SEMI",GunCurrentAmmoCount:8,HasBulletInBarrel:1b}
tacz:modern_kinetic_gun	4	1	1	{GunId:"maxstuff:aug_a2",GunFireMode:"AUTO",GunCurrentAmmoCount:8,HasBulletInBarrel:1b}
tacz:modern_kinetic_gun	4	1	1	{GunId:"maxstuff:aug_a3",GunFireMode:"AUTO",GunCurrentAmmoCount:8,HasBulletInBarrel:1b}
tacz:modern_kinetic_gun	6	1	1	{GunId:"maxstuff:aug_a3_para",GunFireMode:"AUTO",GunCurrentAmmoCount:8,HasBulletInBarrel:1b}
tacz:modern_kinetic_gun	4	1	1	{GunId:"maxstuff:aug_a5",GunFireMode:"AUTO",GunCurrentAmmoCount:8,HasBulletInBarrel:1b}
tacz:modern_kinetic_gun	2	1	1	{GunId:"maxstuff:aug_hbar",GunFireMode:"AUTO",GunCurrentAmmoCount:8,HasBulletInBarrel:1b}
tacz:modern_kinetic_gun	4	1	1	{GunId:"maxstuff:beowulf_tcr",GunFireMode:"SEMI",GunCurrentAmmoCount:8,HasBulletInBarrel:1b}
tacz:modern_kinetic_gun	8	1	1	{GunId:"maxstuff:blicky",GunFireMode:"SEMI",GunCurrentAmmoCount:8,HasBulletInBarrel:1b}
tacz:modern_kinetic_gun	4	1	1	{GunId:"maxstuff:brn10",GunFireMode:"SEMI",GunCurrentAmmoCount:8,HasBulletInBarrel:1b}
tacz:modern_kinetic_gun	8	1	1	{GunId:"maxstuff:c96",GunFireMode:"SEMI",GunCurrentAmmoCount:8,HasBulletInBarrel:1b}
tacz:modern_kinetic_gun	4	1	1	{GunId:"maxstuff:colt_933",GunFireMode:"AUTO",GunCurrentAmmoCount:8,HasBulletInBarrel:1b}
tacz:modern_kinetic_gun	4	1	1	{GunId:"maxstuff:cursed15",GunFireMode:"BURST",GunCurrentAmmoCount:8,HasBulletInBarrel:1b}
tacz:modern_kinetic_gun	5	1	1	{GunId:"maxstuff:db_50",GunFireMode:"SEMI",GunCurrentAmmoCount:8,HasBulletInBarrel:1b}
tacz:modern_kinetic_gun	5	1	1	{GunId:"maxstuff:db_long_d",GunFireMode:"SEMI",GunCurrentAmmoCount:8,HasBulletInBarrel:1b}
tacz:modern_kinetic_gun	5	1	1	{GunId:"maxstuff:db_short_d",GunFireMode:"BURST",GunCurrentAmmoCount:8,HasBulletInBarrel:1b}
tacz:modern_kinetic_gun	5	1	1	{GunId:"maxstuff:db_short_tactical",GunFireMode:"BURST",GunCurrentAmmoCount:8,HasBulletInBarrel:1b}
tacz:modern_kinetic_gun	8	1	1	{GunId:"maxstuff:deagle_12g",GunFireMode:"SEMI",GunCurrentAmmoCount:8,HasBulletInBarrel:1b}
tacz:modern_kinetic_gun	8	1	1	{GunId:"maxstuff:deagle_50bmg",GunFireMode:"SEMI",GunCurrentAmmoCount:8,HasBulletInBarrel:1b}
tacz:modern_kinetic_gun	2	1	1	{GunId:"maxstuff:dp28",GunFireMode:"AUTO",GunCurrentAmmoCount:8,HasBulletInBarrel:1b}
tacz:modern_kinetic_gun	2	1	1	{GunId:"maxstuff:dragonuv_svd",GunFireMode:"SEMI",GunCurrentAmmoCount:8,HasBulletInBarrel:1b}
tacz:modern_kinetic_gun	2	1	1	{GunId:"maxstuff:dragonuv_svdm",GunFireMode:"SEMI",GunCurrentAmmoCount:8,HasBulletInBarrel:1b}
tacz:modern_kinetic_gun	2	1	1	{GunId:"maxstuff:dragonuv_svds",GunFireMode:"SEMI",GunCurrentAmmoCount:8,HasBulletInBarrel:1b}
tacz:modern_kinetic_gun	5	1	1	{GunId:"maxstuff:genesis12",GunFireMode:"SEMI",GunCurrentAmmoCount:8,HasBulletInBarrel:1b}
tacz:modern_kinetic_gun	5	1	1	{GunId:"maxstuff:genesis12_dragons_breath",GunFireMode:"SEMI",GunCurrentAmmoCount:8,HasBulletInBarrel:1b}
tacz:modern_kinetic_gun	5	1	1	{GunId:"maxstuff:genesis12_fl",GunFireMode:"SEMI",GunCurrentAmmoCount:8,HasBulletInBarrel:1b}
tacz:modern_kinetic_gun	8	1	1	{GunId:"maxstuff:glock_18c",GunFireMode:"SEMI",GunCurrentAmmoCount:8,HasBulletInBarrel:1b}
tacz:modern_kinetic_gun	8	1	1	{GunId:"maxstuff:glock_54",GunFireMode:"SEMI",GunCurrentAmmoCount:8,HasBulletInBarrel:1b}
tacz:modern_kinetic_gun	8	1	1	{GunId:"maxstuff:glock_bulpup",GunFireMode:"SEMI",GunCurrentAmmoCount:8,HasBulletInBarrel:1b}
tacz:modern_kinetic_gun	4	1	1	{GunId:"maxstuff:hk416c",GunFireMode:"AUTO",GunCurrentAmmoCount:8,HasBulletInBarrel:1b}
tacz:modern_kinetic_gun	4	1	1	{GunId:"maxstuff:hk417",GunFireMode:"SEMI",GunCurrentAmmoCount:8,HasBulletInBarrel:1b}
tacz:modern_kinetic_gun	4	1	1	{GunId:"maxstuff:hk_g33",GunFireMode:"AUTO",GunCurrentAmmoCount:8,HasBulletInBarrel:1b}
tacz:modern_kinetic_gun	6	1	1	{GunId:"maxstuff:hk_mp5k",GunFireMode:"AUTO",GunCurrentAmmoCount:8,HasBulletInBarrel:1b}
tacz:modern_kinetic_gun	6	1	1	{GunId:"maxstuff:hk_mp5sd",GunFireMode:"AUTO",GunCurrentAmmoCount:8,HasBulletInBarrel:1b}
tacz:modern_kinetic_gun	4	1	1	{GunId:"maxstuff:honey_badger",GunFireMode:"AUTO",GunCurrentAmmoCount:8,HasBulletInBarrel:1b}
tacz:modern_kinetic_gun	2	1	1	{GunId:"maxstuff:kar98",GunFireMode:"SEMI",GunCurrentAmmoCount:8,HasBulletInBarrel:1b}
tacz:modern_kinetic_gun	6	1	1	{GunId:"maxstuff:luty",GunFireMode:"AUTO",GunCurrentAmmoCount:8,HasBulletInBarrel:1b}
tacz:modern_kinetic_gun	4	1	1	{GunId:"maxstuff:m16a2",GunFireMode:"BURST",GunCurrentAmmoCount:8,HasBulletInBarrel:1b}
tacz:modern_kinetic_gun	4	1	1	{GunId:"maxstuff:m16a3",GunFireMode:"AUTO",GunCurrentAmmoCount:8,HasBulletInBarrel:1b}
tacz:modern_kinetic_gun	8	1	1	{GunId:"maxstuff:m17",GunFireMode:"SEMI",GunCurrentAmmoCount:8,HasBulletInBarrel:1b}
tacz:modern_kinetic_gun	4	1	1	{GunId:"maxstuff:m1_garand",GunFireMode:"SEMI",GunCurrentAmmoCount:8,HasBulletInBarrel:1b}
tacz:modern_kinetic_gun	4	1	1	{GunId:"maxstuff:m1_garand_tac",GunFireMode:"SEMI",GunCurrentAmmoCount:8,HasBulletInBarrel:1b}
tacz:modern_kinetic_gun	2	1	1	{GunId:"maxstuff:m231",GunFireMode:"AUTO",GunCurrentAmmoCount:8,HasBulletInBarrel:1b}
tacz:modern_kinetic_gun	5	1	1	{GunId:"maxstuff:m870t",GunFireMode:"SEMI",GunCurrentAmmoCount:8,HasBulletInBarrel:1b}
tacz:modern_kinetic_gun	2	1	1	{GunId:"maxstuff:mini_fix",GunFireMode:"SEMI",GunCurrentAmmoCount:8,HasBulletInBarrel:1b}
tacz:modern_kinetic_gun	4	1	1	{GunId:"maxstuff:mk11",GunFireMode:"SEMI",GunCurrentAmmoCount:8,HasBulletInBarrel:1b}
tacz:modern_kinetic_gun	4	1	1	{GunId:"maxstuff:mk18",GunFireMode:"AUTO",GunCurrentAmmoCount:8,HasBulletInBarrel:1b}
tacz:modern_kinetic_gun	4	1	1	{GunId:"maxstuff:mk18_auto",GunFireMode:"AUTO",GunCurrentAmmoCount:8,HasBulletInBarrel:1b}
tacz:modern_kinetic_gun	4	1	1	{GunId:"maxstuff:mk18_burst",GunFireMode:"BURST",GunCurrentAmmoCount:8,HasBulletInBarrel:1b}
tacz:modern_kinetic_gun	8	1	1	{GunId:"maxstuff:mk23",GunFireMode:"BURST",GunCurrentAmmoCount:8,HasBulletInBarrel:1b}
tacz:modern_kinetic_gun	4	1	1	{GunId:"maxstuff:mk47",GunFireMode:"AUTO",GunCurrentAmmoCount:8,HasBulletInBarrel:1b}
tacz:modern_kinetic_gun	4	1	1	{GunId:"maxstuff:mojave223",GunFireMode:"AUTO",GunCurrentAmmoCount:8,HasBulletInBarrel:1b}
tacz:modern_kinetic_gun	6	1	1	{GunId:"maxstuff:mp7",GunFireMode:"AUTO",GunCurrentAmmoCount:8,HasBulletInBarrel:1b}
tacz:modern_kinetic_gun	2	1	1	{GunId:"maxstuff:msr",GunFireMode:"SEMI",GunCurrentAmmoCount:8,HasBulletInBarrel:1b}
tacz:modern_kinetic_gun	6	1	1	{GunId:"maxstuff:nailgun",GunFireMode:"AUTO",GunCurrentAmmoCount:8,HasBulletInBarrel:1b}
tacz:modern_kinetic_gun	4	1	1	{GunId:"maxstuff:potassium_power",GunFireMode:"AUTO",GunCurrentAmmoCount:8,HasBulletInBarrel:1b}
tacz:modern_kinetic_gun	4	1	1	{GunId:"maxstuff:qbz_97",GunFireMode:"AUTO",GunCurrentAmmoCount:8,HasBulletInBarrel:1b}
tacz:modern_kinetic_gun	2	1	1	{GunId:"maxstuff:quatro15",GunFireMode:"AUTO",GunCurrentAmmoCount:8,HasBulletInBarrel:1b}
tacz:modern_kinetic_gun	6	1	1	{GunId:"maxstuff:ro635",GunFireMode:"AUTO",GunCurrentAmmoCount:8,HasBulletInBarrel:1b}
tacz:modern_kinetic_gun	2	1	1	{GunId:"maxstuff:rpk16",GunFireMode:"AUTO",GunCurrentAmmoCount:8,HasBulletInBarrel:1b}
tacz:modern_kinetic_gun	2	1	1	{GunId:"maxstuff:rpk_74",GunFireMode:"SEMI",GunCurrentAmmoCount:8,HasBulletInBarrel:1b}
tacz:modern_kinetic_gun	2	1	1	{GunId:"maxstuff:rpk_74m",GunFireMode:"SEMI",GunCurrentAmmoCount:8,HasBulletInBarrel:1b}
tacz:modern_kinetic_gun	5	1	1	{GunId:"maxstuff:saiga12",GunFireMode:"SEMI",GunCurrentAmmoCount:8,HasBulletInBarrel:1b}
tacz:modern_kinetic_gun	6	1	1	{GunId:"maxstuff:saiga9",GunFireMode:"SEMI",GunCurrentAmmoCount:8,HasBulletInBarrel:1b}
tacz:modern_kinetic_gun	5	1	1	{GunId:"maxstuff:sap6",GunFireMode:"SEMI",GunCurrentAmmoCount:8,HasBulletInBarrel:1b}
tacz:modern_kinetic_gun	4	1	1	{GunId:"maxstuff:scar_15p",GunFireMode:"SEMI",GunCurrentAmmoCount:8,HasBulletInBarrel:1b}
tacz:modern_kinetic_gun	2	1	1	{GunId:"maxstuff:scar_hamr",GunFireMode:"AUTO",GunCurrentAmmoCount:8,HasBulletInBarrel:1b}
tacz:modern_kinetic_gun	4	1	1	{GunId:"maxstuff:scar_pdw",GunFireMode:"AUTO",GunCurrentAmmoCount:8,HasBulletInBarrel:1b}
tacz:modern_kinetic_gun	4	1	1	{GunId:"maxstuff:scar_sbr",GunFireMode:"BURST",GunCurrentAmmoCount:8,HasBulletInBarrel:1b}
tacz:modern_kinetic_gun	2	1	1	{GunId:"maxstuff:scar_ssr",GunFireMode:"SEMI",GunCurrentAmmoCount:8,HasBulletInBarrel:1b}
tacz:modern_kinetic_gun	4	1	1	{GunId:"maxstuff:sks_golden",GunFireMode:"AUTO",GunCurrentAmmoCount:8,HasBulletInBarrel:1b}
tacz:modern_kinetic_gun	4	1	1	{GunId:"maxstuff:sks_wooden",GunFireMode:"SEMI",GunCurrentAmmoCount:8,HasBulletInBarrel:1b}
tacz:modern_kinetic_gun	4	1	1	{GunId:"maxstuff:sr15",GunFireMode:"SEMI",GunCurrentAmmoCount:8,HasBulletInBarrel:1b}
tacz:modern_kinetic_gun	4	1	1	{GunId:"maxstuff:sr16",GunFireMode:"AUTO",GunCurrentAmmoCount:8,HasBulletInBarrel:1b}
tacz:modern_kinetic_gun	8	1	1	{GunId:"maxstuff:thunderbird",GunFireMode:"SEMI",GunCurrentAmmoCount:8,HasBulletInBarrel:1b}
tacz:modern_kinetic_gun	8	1	1	{GunId:"maxstuff:thunderbird_short",GunFireMode:"SEMI",GunCurrentAmmoCount:8,HasBulletInBarrel:1b}
tacz:modern_kinetic_gun	6	1	1	{GunId:"maxstuff:udp9",GunFireMode:"AUTO",GunCurrentAmmoCount:8,HasBulletInBarrel:1b}
tacz:modern_kinetic_gun	6	1	1	{GunId:"maxstuff:ump9",GunFireMode:"AUTO",GunCurrentAmmoCount:8,HasBulletInBarrel:1b}
tacz:modern_kinetic_gun	6	1	1	{GunId:"maxstuff:vector9",GunFireMode:"AUTO",GunCurrentAmmoCount:8,HasBulletInBarrel:1b}
tacz:modern_kinetic_gun	6	1	1	{GunId:"maxstuff:vityas",GunFireMode:"SEMI",GunCurrentAmmoCount:8,HasBulletInBarrel:1b}
tacz:modern_kinetic_gun	4	1	1	{GunId:"maxstuff:xm177",GunFireMode:"AUTO",GunCurrentAmmoCount:8,HasBulletInBarrel:1b}
tacz:modern_kinetic_gun	4	1	1	{GunId:"maxstuff:z15",GunFireMode:"SEMI",GunCurrentAmmoCount:8,HasBulletInBarrel:1b}
tacz:modern_kinetic_gun	4	1	1	{GunId:"maxstuff:z15_a",GunFireMode:"AUTO",GunCurrentAmmoCount:8,HasBulletInBarrel:1b}
tacz:modern_kinetic_gun	6	1	1	{GunId:"maxstuff:z80",GunFireMode:"AUTO",GunCurrentAmmoCount:8,HasBulletInBarrel:1b}
tacz:attachment	1	1	1	{AttachmentId:"maxstuff:a3_grip"}
tacz:attachment	1	1	1	{AttachmentId:"maxstuff:canted_irons"}
tacz:attachment	1	1	1	{AttachmentId:"maxstuff:glaser"}
tacz:attachment	1	1	1	{AttachmentId:"maxstuff:hera_cqr_stock"}
tacz:attachment	1	1	1	{AttachmentId:"maxstuff:hera_cqr_stock_tan"}
tacz:attachment	1	1	1	{AttachmentId:"maxstuff:loudener"}
tacz:attachment	1	1	1	{AttachmentId:"maxstuff:peq15"}
tacz:attachment	1	1	1	{AttachmentId:"maxstuff:retro_2x_ak"}
tacz:attachment	1	1	1	{AttachmentId:"maxstuff:scope_acog_canted"}
tacz:attachment	1	1	1	{AttachmentId:"maxstuff:scope_pso1_ak"}
tacz:attachment	1	1	1	{AttachmentId:"maxstuff:scw_stock"}
tacz:attachment	1	1	1	{AttachmentId:"maxstuff:sight_okp7_ak"}
tacz:attachment	1	1	1	{AttachmentId:"maxstuff:sight_rmr_dot_raised"}
tacz:attachment	1	1	1	{AttachmentId:"maxstuff:sight_sro_dot_raised"}
tacz:attachment	1	1	1	{AttachmentId:"maxstuff:speed_mag"}
tacz:attachment	1	1	1	{AttachmentId:"maxstuff:stock_ak_ar"}
tacz:attachment	1	1	1	{AttachmentId:"maxstuff:supressed_brake"}
tacz:attachment	1	1	1	{AttachmentId:"maxstuff:tac_laser"}
tacz:attachment	1	1	1	{AttachmentId:"maxstuff:underbarrel_chainsaw"}
tacz:attachment	1	1	1	{AttachmentId:"maxstuff:underbarrel_flashlight"}
tacz:attachment	1	1	1	{AttachmentId:"maxstuff:vuduu"}
tacz:modern_kinetic_gun	4	1	1	{GunId:"erode:ats15mod_isaac",GunFireMode:"AUTO",GunCurrentAmmoCount:8,HasBulletInBarrel:1b}
tacz:modern_kinetic_gun	4	1	1	{GunId:"erode:ats15_isaac",GunFireMode:"AUTO",GunCurrentAmmoCount:8,HasBulletInBarrel:1b}
tacz:modern_kinetic_gun	4	1	1	{GunId:"erode:sbr15_isaac",GunFireMode:"AUTO",GunCurrentAmmoCount:8,HasBulletInBarrel:1b}
tacz:modern_kinetic_gun	8	1	1	{GunId:"sfms:af_46",GunFireMode:"AUTO",GunCurrentAmmoCount:8,HasBulletInBarrel:1b}
tacz:modern_kinetic_gun	8	1	1	{GunId:"sfms:af_57",GunFireMode:"AUTO",GunCurrentAmmoCount:8,HasBulletInBarrel:1b}
tacz:modern_kinetic_gun	4	1	1	{GunId:"sfms:ats15",GunFireMode:"AUTO",GunCurrentAmmoCount:8,HasBulletInBarrel:1b}
tacz:modern_kinetic_gun	4	1	1	{GunId:"sfms:ats15mod",GunFireMode:"AUTO",GunCurrentAmmoCount:8,HasBulletInBarrel:1b}
tacz:modern_kinetic_gun	4	1	1	{GunId:"sfms:c8msw",GunFireMode:"AUTO",GunCurrentAmmoCount:8,HasBulletInBarrel:1b}
tacz:modern_kinetic_gun	4	1	1	{GunId:"sfms:cms901",GunFireMode:"AUTO",GunCurrentAmmoCount:8,HasBulletInBarrel:1b}
tacz:modern_kinetic_gun	8	1	1	{GunId:"sfms:d50",GunFireMode:"SEMI",GunCurrentAmmoCount:8,HasBulletInBarrel:1b}
tacz:modern_kinetic_gun	8	1	1	{GunId:"sfms:emergency_baton",GunFireMode:"SEMI",GunCurrentAmmoCount:8,HasBulletInBarrel:1b}
tacz:modern_kinetic_gun	5	1	1	{GunId:"sfms:felix_12",GunFireMode:"SEMI",GunCurrentAmmoCount:8,HasBulletInBarrel:1b}
tacz:modern_kinetic_gun	5	1	1	{GunId:"sfms:felix_12dg",GunFireMode:"SEMI",GunCurrentAmmoCount:8,HasBulletInBarrel:1b}
tacz:modern_kinetic_gun	8	1	1	{GunId:"sfms:g18",GunFireMode:"AUTO",GunCurrentAmmoCount:8,HasBulletInBarrel:1b}
tacz:modern_kinetic_gun	2	1	1	{GunId:"sfms:har50",GunFireMode:"AUTO",GunCurrentAmmoCount:8,HasBulletInBarrel:1b}
tacz:modern_kinetic_gun	8	1	1	{GunId:"sfms:inf",GunFireMode:"SEMI",GunCurrentAmmoCount:8,HasBulletInBarrel:1b}
tacz:modern_kinetic_gun	8	1	1	{GunId:"sfms:inf_x",GunFireMode:"SEMI",GunCurrentAmmoCount:8,HasBulletInBarrel:1b}
tacz:modern_kinetic_gun	8	1	1	{GunId:"sfms:inf_xj",GunFireMode:"SEMI",GunCurrentAmmoCount:8,HasBulletInBarrel:1b}
tacz:modern_kinetic_gun	8	1	1	{GunId:"sfms:katana",GunFireMode:"SEMI",GunCurrentAmmoCount:8,HasBulletInBarrel:1b}
tacz:modern_kinetic_gun	4	1	1	{GunId:"sfms:lvsa_c",GunFireMode:"AUTO",GunCurrentAmmoCount:8,HasBulletInBarrel:1b}
tacz:modern_kinetic_gun	4	1	1	{GunId:"sfms:lvsa_cs",GunFireMode:"SEMI",GunCurrentAmmoCount:8,HasBulletInBarrel:1b}
tacz:modern_kinetic_gun	4	1	1	{GunId:"sfms:lvsa_c_erode",GunFireMode:"AUTO",GunCurrentAmmoCount:8,HasBulletInBarrel:1b}
tacz:modern_kinetic_gun	2	1	1	{GunId:"sfms:lvsa_c_erode_lmg",GunFireMode:"AUTO",GunCurrentAmmoCount:8,HasBulletInBarrel:1b}
tacz:modern_kinetic_gun	2	1	1	{GunId:"sfms:lvsa_hs",GunFireMode:"SEMI",GunCurrentAmmoCount:8,HasBulletInBarrel:1b}
tacz:modern_kinetic_gun	5	1	1	{GunId:"sfms:m1887",GunFireMode:"SEMI",GunCurrentAmmoCount:8,HasBulletInBarrel:1b}
tacz:modern_kinetic_gun	5	1	1	{GunId:"sfms:m1887s",GunFireMode:"SEMI",GunCurrentAmmoCount:8,HasBulletInBarrel:1b}
tacz:modern_kinetic_gun	4	1	1	{GunId:"sfms:m4a5",GunFireMode:"BURST",GunCurrentAmmoCount:8,HasBulletInBarrel:1b}
tacz:modern_kinetic_gun	2	1	1	{GunId:"sfms:m7",GunFireMode:"SEMI",GunCurrentAmmoCount:8,HasBulletInBarrel:1b}
tacz:modern_kinetic_gun	6	1	1	{GunId:"sfms:mpx",GunFireMode:"AUTO",GunCurrentAmmoCount:8,HasBulletInBarrel:1b}
tacz:modern_kinetic_gun	6	1	1	{GunId:"sfms:mpxcb",GunFireMode:"SEMI",GunCurrentAmmoCount:8,HasBulletInBarrel:1b}
tacz:modern_kinetic_gun	8	1	1	{GunId:"sfms:night2011",GunFireMode:"SEMI",GunCurrentAmmoCount:8,HasBulletInBarrel:1b}
tacz:modern_kinetic_gun	6	1	1	{GunId:"sfms:night2011flux",GunFireMode:"AUTO",GunCurrentAmmoCount:8,HasBulletInBarrel:1b}
tacz:modern_kinetic_gun	6	1	1	{GunId:"sfms:night2011fluxk",GunFireMode:"AUTO",GunCurrentAmmoCount:8,HasBulletInBarrel:1b}
tacz:modern_kinetic_gun	8	1	1	{GunId:"sfms:nitro_505",GunFireMode:"SEMI",GunCurrentAmmoCount:8,HasBulletInBarrel:1b}
tacz:modern_kinetic_gun	4	1	1	{GunId:"sfms:s10exodus",GunFireMode:"AUTO",GunCurrentAmmoCount:8,HasBulletInBarrel:1b}
tacz:modern_kinetic_gun	4	1	1	{GunId:"sfms:s10exodus_red",GunFireMode:"AUTO",GunCurrentAmmoCount:8,HasBulletInBarrel:1b}
tacz:modern_kinetic_gun	4	1	1	{GunId:"sfms:sbr15",GunFireMode:"AUTO",GunCurrentAmmoCount:8,HasBulletInBarrel:1b}
tacz:modern_kinetic_gun	5	1	1	{GunId:"sfms:super90m2",GunFireMode:"SEMI",GunCurrentAmmoCount:8,HasBulletInBarrel:1b}
tacz:modern_kinetic_gun	5	1	1	{GunId:"sfms:super90m4",GunFireMode:"SEMI",GunCurrentAmmoCount:8,HasBulletInBarrel:1b}
tacz:modern_kinetic_gun	2	1	1	{GunId:"sfms:supersass",GunFireMode:"SEMI",GunCurrentAmmoCount:8,HasBulletInBarrel:1b}
tacz:modern_kinetic_gun	8	1	1	{GunId:"sfms:sword_life",GunFireMode:"SEMI",GunCurrentAmmoCount:8,HasBulletInBarrel:1b}
tacz:modern_kinetic_gun	4	1	1	{GunId:"sfms:t416",GunFireMode:"AUTO",GunCurrentAmmoCount:8,HasBulletInBarrel:1b}
tacz:modern_kinetic_gun	8	1	1	{GunId:"sfms:tb23",GunFireMode:"SEMI",GunCurrentAmmoCount:8,HasBulletInBarrel:1b}
tacz:modern_kinetic_gun	6	1	1	{GunId:"sfms:tb50",GunFireMode:"AUTO",GunCurrentAmmoCount:8,HasBulletInBarrel:1b}
tacz:modern_kinetic_gun	8	1	1	{GunId:"sfms:tcg5",GunFireMode:"SEMI",GunCurrentAmmoCount:8,HasBulletInBarrel:1b}
tacz:modern_kinetic_gun	8	1	1	{GunId:"sfms:tcg5ich",GunFireMode:"SEMI",GunCurrentAmmoCount:8,HasBulletInBarrel:1b}
tacz:modern_kinetic_gun	6	1	1	{GunId:"sfms:tech635",GunFireMode:"AUTO",GunCurrentAmmoCount:8,HasBulletInBarrel:1b}
tacz:modern_kinetic_gun	2	1	1	{GunId:"sfms:tempus90",GunFireMode:"SEMI",GunCurrentAmmoCount:8,HasBulletInBarrel:1b}
tacz:modern_kinetic_gun	5	1	1	{GunId:"sfms:tempus90s",GunFireMode:"SEMI",GunCurrentAmmoCount:8,HasBulletInBarrel:1b}
tacz:modern_kinetic_gun	8	1	1	{GunId:"sfms:trident_dea",GunFireMode:"SEMI",GunCurrentAmmoCount:8,HasBulletInBarrel:1b}
tacz:modern_kinetic_gun	2	1	1	{GunId:"sfms:umax100",GunFireMode:"AUTO",GunCurrentAmmoCount:8,HasBulletInBarrel:1b}
tacz:attachment	1	1	1	{AttachmentId:"erode:grip_ats15only_isaac"}
tacz:attachment	1	1	1	{AttachmentId:"erode:sight_ets108s_isaac"}
tacz:attachment	1	1	1	{AttachmentId:"erode:sight_ets108_isaac"}
tacz:attachment	1	1	1	{AttachmentId:"sfms:gbrs_108_x2"}
tacz:attachment	1	1	1	{AttachmentId:"sfms:gbrs_exp3_x2"}
tacz:attachment	1	1	1	{AttachmentId:"sfms:gbrs_har50_x1"}
tacz:attachment	1	1	1	{AttachmentId:"sfms:gbrs_rmr_msl3"}
tacz:attachment	1	1	1	{AttachmentId:"sfms:gc_oem"}
tacz:attachment	1	1	1	{AttachmentId:"sfms:gen_ap"}
tacz:attachment	1	1	1	{AttachmentId:"sfms:gen_he"}
tacz:attachment	1	1	1	{AttachmentId:"sfms:gen_hp"}
tacz:attachment	1	1	1	{AttachmentId:"sfms:gen_if"}
tacz:attachment	1	1	1	{AttachmentId:"sfms:glst_hp"}
tacz:attachment	1	1	1	{AttachmentId:"sfms:glst_lp"}
tacz:attachment	1	1	1	{AttachmentId:"sfms:gl_ap"}
tacz:attachment	1	1	1	{AttachmentId:"sfms:gl_de"}
tacz:attachment	1	1	1	{AttachmentId:"sfms:gl_dem"}
tacz:attachment	1	1	1	{AttachmentId:"sfms:gl_fl"}
tacz:attachment	1	1	1	{AttachmentId:"sfms:gl_he"}
tacz:attachment	1	1	1	{AttachmentId:"sfms:gm_fl"}
tacz:attachment	1	1	1	{AttachmentId:"sfms:gm_he"}
tacz:attachment	1	1	1	{AttachmentId:"sfms:grip_ams"}
tacz:attachment	1	1	1	{AttachmentId:"sfms:grip_amsah"}
tacz:attachment	1	1	1	{AttachmentId:"sfms:grip_ats15only"}
tacz:attachment	1	1	1	{AttachmentId:"sfms:grip_c8tsar"}
tacz:attachment	1	1	1	{AttachmentId:"sfms:grip_jszs"}
tacz:attachment	1	1	1	{AttachmentId:"sfms:grip_laser_wireframe"}
tacz:attachment	1	1	1	{AttachmentId:"sfms:grip_laser_wireframedb"}
tacz:attachment	1	1	1	{AttachmentId:"sfms:grip_miling"}
tacz:attachment	1	1	1	{AttachmentId:"sfms:grip_rk0"}
tacz:attachment	1	1	1	{AttachmentId:"sfms:grip_rk0_ammohud"}
tacz:attachment	1	1	1	{AttachmentId:"sfms:grip_x1"}
tacz:attachment	1	1	1	{AttachmentId:"sfms:grip_x2"}
tacz:attachment	1	1	1	{AttachmentId:"sfms:grip_zsxw"}
tacz:attachment	1	1	1	{AttachmentId:"sfms:laser_ammohud"}
tacz:attachment	1	1	1	{AttachmentId:"sfms:laser_ammohud1"}
tacz:attachment	1	1	1	{AttachmentId:"sfms:laser_eos"}
tacz:attachment	1	1	1	{AttachmentId:"sfms:laser_msl3"}
tacz:attachment	1	1	1	{AttachmentId:"sfms:laser_x1"}
tacz:attachment	1	1	1	{AttachmentId:"sfms:laser_x2"}
tacz:attachment	1	1	1	{AttachmentId:"sfms:ms_mag1"}
tacz:attachment	1	1	1	{AttachmentId:"sfms:ms_mag2"}
tacz:attachment	1	1	1	{AttachmentId:"sfms:ms_mag3"}
tacz:attachment	1	1	1	{AttachmentId:"sfms:ms_mag4"}
tacz:attachment	1	1	1	{AttachmentId:"sfms:muzzle_brake"}
tacz:attachment	1	1	1	{AttachmentId:"sfms:muzzle_c8"}
tacz:attachment	1	1	1	{AttachmentId:"sfms:muzzle_htrs23"}
tacz:attachment	1	1	1	{AttachmentId:"sfms:muzzle_htrs41"}
tacz:attachment	1	1	1	{AttachmentId:"sfms:muzzle_sl_hvq"}
tacz:attachment	1	1	1	{AttachmentId:"sfms:muzzle_sl_knight"}
tacz:attachment	1	1	1	{AttachmentId:"sfms:muzzle_sl_sass1"}
tacz:attachment	1	1	1	{AttachmentId:"sfms:muzzle_sl_sass2"}
tacz:attachment	1	1	1	{AttachmentId:"sfms:muzzle_vm1"}
tacz:attachment	1	1	1	{AttachmentId:"sfms:oem_stock_heavy"}
tacz:attachment	1	1	1	{AttachmentId:"sfms:oem_stock_light"}
tacz:attachment	1	1	1	{AttachmentId:"sfms:oem_stock_tactical"}
tacz:attachment	1	1	1	{AttachmentId:"sfms:scope_hamr"}
tacz:attachment	1	1	1	{AttachmentId:"sfms:scope_har50"}
tacz:attachment	1	1	1	{AttachmentId:"sfms:scope_lpvo"}
tacz:attachment	1	1	1	{AttachmentId:"sfms:scope_m202"}
tacz:attachment	1	1	1	{AttachmentId:"sfms:scope_mk5hd"}
tacz:attachment	1	1	1	{AttachmentId:"sfms:scope_oeg"}
tacz:attachment	1	1	1	{AttachmentId:"sfms:scope_vudu"}
tacz:attachment	1	1	1	{AttachmentId:"sfms:scope_xm157"}
tacz:attachment	1	1	1	{AttachmentId:"sfms:scope_xm157ex"}
tacz:attachment	1	1	1	{AttachmentId:"sfms:scope_xm157s1"}
tacz:attachment	1	1	1	{AttachmentId:"sfms:sfcb_ap"}
tacz:attachment	1	1	1	{AttachmentId:"sfms:sfcb_fl"}
tacz:attachment	1	1	1	{AttachmentId:"sfms:sfcb_he"}
tacz:attachment	1	1	1	{AttachmentId:"sfms:sfcb_se"}
tacz:attachment	1	1	1	{AttachmentId:"sfms:sight_ets108"}
tacz:attachment	1	1	1	{AttachmentId:"sfms:sight_ets108s"}
tacz:attachment	1	1	1	{AttachmentId:"sfms:sight_exp3"}
tacz:attachment	1	1	1	{AttachmentId:"sfms:sight_mfd"}
tacz:attachment	1	1	1	{AttachmentId:"sfms:sight_quanjin"}
tacz:attachment	1	1	1	{AttachmentId:"sfms:sight_rmrhd"}
tacz:attachment	1	1	1	{AttachmentId:"sfms:sight_rmrhdar"}
tacz:attachment	1	1	1	{AttachmentId:"sfms:stock_ebr"}
tacz:attachment	1	1	1	{AttachmentId:"sfms:stock_ebr1"}
tacz:attachment	1	1	1	{AttachmentId:"sfms:stock_ms4s"}
tacz:attachment	1	1	1	{AttachmentId:"sfms:stock_msar"}
tacz:attachment	1	1	1	{AttachmentId:"sfms:stock_ubs"}
tacz:attachment	1	1	1	{AttachmentId:"sfms:stock_ubs_erode"}
